# rs,PW92 eps_c
1.000000000000000000,-0.059773864184404085
1.004502251125562795,-0.059670338181691734
1.009004502251125590,-0.059567351830942354
1.013506753376688385,-0.059464900066255141
1.018009004502251180,-0.059362977890933193
1.022511255627813975,-0.059261580376242816
1.027013506753376770,-0.059160702660200404
1.031515757878939565,-0.059060339946386022
1.036018009004502360,-0.058960487502783120
1.040520260130064933,-0.058861140660643706
1.045022511255627728,-0.058762294813378142
1.049524762381190524,-0.058663945415469182
1.054027013506753319,-0.058566087981409276
1.058529264632316114,-0.058468718084661128
1.063031515757878909,-0.058371831356640112
1.067533766883441704,-0.058275423485718618
1.072036018009004499,-0.058179490216251635
1.076538269134567294,-0.058084027347622788
1.081040520260130089,-0.057989030733310631
1.085542771385692884,-0.057894496279974450
1.090045022511255679,-0.057800419946559156
1.094547273636818474,-0.057706797743419046
1.099049524762381269,-0.057613625731459367
1.103551775887944064,-0.057520900021295986
1.108054027013506637,-0.057428616772432044
1.112556278139069432,-0.057336772192451667
1.117058529264632227,-0.057245362536230110
1.121560780390195022,-0.057154384105159849
1.126063031515757817,-0.057063833246392484
1.130565282641320612,-0.056973706352095761
1.135067533766883408,-0.056883999858725783
1.139569784892446203,-0.056794710246313412
1.144072036018008998,-0.056705834037765253
1.148574287143571793,-0.056617367798178352
1.153076538269134588,-0.056529308134168316
1.157578789394697383,-0.056441651693210991
1.162081040520260178,-0.056354395162996722
1.166583291645822973,-0.056267535270797503
1.171085542771385768,-0.056181068782846275
1.175587793896948341,-0.056094992503728382
1.180090045022511358,-0.056009303275784614
1.184592296148073931,-0.055923997978526006
1.189094547273636726,-0.055839073528059675
1.193596798399199521,-0.055754526876525642
1.198099049524762316,-0.055670355011544451
1.202601300650325111,-0.055586554955675195
1.207103551775887906,-0.055503123765883788
1.211605802901450701,-0.055420058533021399
1.216108054027013496,-0.055337356381312403
1.220610305152576291,-0.055255014467852095
1.225112556278139087,-0.055173029982113736
1.229614807403701882,-0.055091400145464722
1.234117058529264677,-0.055010122210691577
1.238619309654827472,-0.054929193461534055
1.243121560780390267,-0.054848611212227311
1.247623811905953062,-0.054768372807052774
1.252126063031515635,-0.054688475619897196
1.256628314157078652,-0.054608917053819470
1.261130565282641225,-0.054529694540625680
1.265632816408204020,-0.054450805540451307
1.270135067533766815,-0.054372247541351414
1.274637318659329610,-0.054294018058897976
1.279139569784892405,-0.054216114635784213
1.283641820910455200,-0.054138534841436360
1.288144072036017995,-0.054061276271631938
1.292646323161580790,-0.053984336548124942
1.297148574287143585,-0.053907713318277761
1.301650825412706380,-0.053831404254699088
1.306153076538269175,-0.053755407054888842
1.310655327663831970,-0.053679719440888583
1.315157578789394766,-0.053604339158938495
1.319659829914957339,-0.053529263979140068
1.324162081040520356,-0.053454491695124590
1.328664332166082929,-0.053380020123727563
1.333166583291645946,-0.053305847104668319
1.337668834417208519,-0.053231970500235509
1.342171085542771314,-0.053158388194977590
1.346673336668334109,-0.053085098095398797
1.351175587793896904,-0.053012098129660234
1.355677838919459699,-0.052939386247285759
1.360180090045022494,-0.052866960418873163
1.364682341170585289,-0.052794818635810009
1.369184592296148084,-0.052722958909994046
1.373686843421710879,-0.052651379273558625
1.378189094547273674,-0.052580077778602345
1.382691345672836469,-0.052509052496923413
1.387193596798399042,-0.052438301519758181
1.391695847923962059,-0.052367822957524013
1.396198099049524632,-0.052297614939566632
1.400700350175087650,-0.052227675613911013
1.405202601300650223,-0.052158003147017018
1.409704852426213018,-0.052088595723538397
1.414207103551775813,-0.052019451546086060
1.418709354677338608,-0.051950568834994992
1.423211605802901403,-0.051881945828094918
1.427713856928464198,-0.051813580780484807
1.432216108054026993,-0.051745471964310640
1.436718359179589788,-0.051677617668547081
1.441220610305152583,-0.051610016198782332
1.445722861430715378,-0.051542665877006538
1.450225112556278173,-0.051475565041403520
1.454727363681840968,-0.051408712046145701
1.459229614807403763,-0.051342105261192275
1.463731865932966336,-0.051275743072090554
1.468234117058529353,-0.051209623879780439
1.472736368184091926,-0.051143746100401816
1.477238619309654943,-0.051078108165105073
1.481740870435217516,-0.051012708519864343
1.486243121560780311,-0.050947545625293890
1.490745372686343106,-0.050882617956467049
1.495247623811905902,-0.050817924002738095
1.499749874937468697,-0.050753462267566767
1.504252126063031492,-0.050689231268345479
1.508754377188594287,-0.050625229536229173
1.513256628314157082,-0.050561455615967581
1.517758879439719877,-0.050497908065740366
1.522261130565282672,-0.050434585456994308
1.526763381690845467,-0.050371486374283236
1.531265632816408040,-0.050308609415110284
1.535767883941971057,-0.050245953189772402
1.540270135067533630,-0.050183516321207211
1.544772386193096647,-0.050121297444842269
1.549274637318659220,-0.050059295208446319
1.553776888444222237,-0.049997508271982988
1.558279139569784810,-0.049935935307466352
1.562781390695347605,-0.049874574998818873
1.567283641820910400,-0.049813426041731265
1.571785892946473195,-0.049752487143524364
1.576288144072035990,-0.049691757023013226
1.580790395197598786,-0.049631234410372871
1.585292646323161581,-0.049570918047006210
1.589794897448724376,-0.049510806685413862
1.594297148574287171,-0.049450899089065616
1.598799399699849744,-0.049391194032273981
1.603301650825412761,-0.049331690300069467
1.607803901950975334,-0.049272386688077513
1.612306153076538351,-0.049213282002397406
1.616808404202100924,-0.049154375059482697
1.621310655327663941,-0.049095664686023353
1.625812906453226514,-0.049037149718829665
1.630315157578789309,-0.048978829004717714
1.634817408704352104,-0.048920701400396394
1.639319659829914899,-0.048862765772356098
1.643821910955477694,-0.048805020996758930
1.648324162081040489,-0.048747465959330410
1.652826413206603284,-0.048690099555252726
1.657328664332166079,-0.048632920689059354
1.661830915457728874,-0.048575928274531339
1.666333166583291669,-0.048519121234594738
1.670835417708854465,-0.048462498501219704
1.675337668834417038,-0.048406059015320801
1.679839919959980055,-0.048349801726658682
1.684342171085542628,-0.048293725593743245
1.688844422211105645,-0.048237829583737943
1.693346673336668218,-0.048182112672365357
1.697848924462231235,-0.048126573843814337
1.702351175587793808,-0.048071212090647970
1.706853426713356603,-0.048016026413713157
1.711355677838919398,-0.047961015822051152
1.715857928964482193,-0.047906179332809398
1.720360180090044988,-0.047851515971154578
1.724862431215607783,-0.047797024770186658
1.729364682341170578,-0.047742704770854301
1.733866933466733373,-0.047688555021871165
1.738369184592296168,-0.047634574579633465
1.742871435717858741,-0.047580762508138558
1.747373686843421758,-0.047527117878904582
1.751875937968984331,-0.047473639770891217
1.756378189094547349,-0.047420327270421364
1.760880440220109922,-0.047367179471103915
1.765382691345672939,-0.047314195473757585
1.769884942471235512,-0.047261374386335542
1.774387193596798307,-0.047208715323851264
1.778889444722361102,-0.047156217408305078
1.783391695847923897,-0.047103879768611891
1.787893946973486692,-0.047051701540529733
1.792396198099049487,-0.046999681866589087
1.796898449224612282,-0.046947819896023417
1.801400700350175077,-0.046896114784700321
1.805902951475737872,-0.046844565695053637
1.810405202601300667,-0.046793171796016518
1.814907453726863462,-0.046741932262955081
1.819409704852426035,-0.046690846277603296
1.823911955977989052,-0.046639913027998213
1.828414207103551625,-0.046589131708416470
1.832916458229114642,-0.046538501519311243
1.837418709354677215,-0.046488021667250121
1.841920960480240232,-0.046437691364853838
1.846423211605802805,-0.046387509830735543
1.850925462731365601,-0.046337476289441099
1.855427713856928396,-0.046287589971389827
1.859929964982491191,-0.046237850112816233
1.864432216108053986,-0.046188255955712305
1.868934467233616781,-0.046138806747770614
1.873436718359179576,-0.046089501742327926
1.877938969484742371,-0.046040340198309784
1.882441220610305166,-0.045991321380175469
1.886943471735867739,-0.045942444557863955
1.891445722861430756,-0.045893709006740127
1.895947973986993329,-0.045845114007542022
1.900450225112556346,-0.045796658846328490
1.904952476238118919,-0.045748342814427509
1.909454727363681936,-0.045700165208385192
1.913956978489244509,-0.045652125329915368
1.918459229614807304,-0.045604222485849714
1.922961480740370099,-0.045556455988088614
1.927463731865932894,-0.045508825153552403
1.931965982991495689,-0.045461329304133415
1.936468234117058485,-0.045413967766648460
1.940970485242621280,-0.045366739872791800
1.945472736368184075,-0.045319644959088905
1.949974987493746870,-0.045272682366850538
1.954477238619309665,-0.045225851442127520
1.958979489744872460,-0.045179151535665860
1.963481740870435033,-0.045132582002862617
1.967983991995998050,-0.045086142203722139
1.972486243121560623,-0.045039831502812828
1.976988494247123640,-0.044993649269224438
1.981490745372686213,-0.044947594876525859
1.985992996498249230,-0.044901667702723337
1.990495247623811803,-0.044855867130219315
1.994997498749374598,-0.044810192545771579
1.999499749874937393,-0.044764643340452950
2.004002001000499966,-0.044719218909611419
2.008504252126062983,-0.044673918652830845
2.013006503251626000,-0.044628741973891953
2.017508754377188573,-0.044583688280733745
2.022011005502751146,-0.044538756985415623
2.026513256628314164,-0.044493947504079534
2.031015507753877181,-0.044449259256912968
2.035517758879439754,-0.044404691668112034
2.040020010005002327,-0.044360244165845136
2.044522261130565344,-0.044315916182216988
2.049024512256127917,-0.044271707153233031
2.053526763381690934,-0.044227616518764355
2.058029014507253507,-0.044183643722512829
2.062531265632816080,-0.044139788211976706
2.067033516758379097,-0.044096049438416704
2.071535767883942114,-0.044052426856822299
2.076038019009504687,-0.044008919925878520
2.080540270135067260,-0.043965528107933027
2.085042521260630277,-0.043922250868963564
2.089544772386193294,-0.043879087678545849
2.094047023511755867,-0.043836038009821728
2.098549274637318440,-0.043793101339467642
2.103051525762881457,-0.043750277147663628
2.107553776888444474,-0.043707564918062415
2.112056028014007047,-0.043664964137758985
2.116558279139569620,-0.043622474297260551
2.121060530265132194,-0.043580094890456667
2.125562781390695211,-0.043537825414589740
2.130065032516258228,-0.043495665370225957
2.134567283641820801,-0.043453614261226355
2.139069534767383374,-0.043411671594718364
2.143571785892946391,-0.043369836881067499
2.148074037018509408,-0.043328109633849532
2.152576288144071981,-0.043286489369822767
2.157078539269634554,-0.043244975608900733
2.161580790395197571,-0.043203567874125201
2.166083041520760588,-0.043162265691639348
2.170585292646323161,-0.043121068590661359
2.175087543771885734,-0.043079976103458095
2.179589794897448751,-0.043038987765319364
2.184092046023011768,-0.042998103114532178
2.188594297148574341,-0.042957321692355298
2.193096548274136914,-0.042916643042994286
2.197598799399699487,-0.042876066713576549
2.202101050525262504,-0.042835592254126760
2.206603301650825522,-0.042795219217542549
2.211105552776388095,-0.042754947159570435
2.215607803901950668,-0.042714775638781968
2.220110055027513685,-0.042674704216550140
2.224612306153076702,-0.042634732457026071
2.229114557278639275,-0.042594859927115883
2.233616808404201848,-0.042555086196457870
2.238119059529764865,-0.042515410837399840
2.242621310655327882,-0.042475833424976725
2.247123561780890455,-0.042436353536888467
2.251625812906453028,-0.042396970753477939
2.256128064032016045,-0.042357684657709400
2.260630315157578618,-0.042318494835146915
2.265132566283141635,-0.042279400873933018
2.269634817408704208,-0.042240402364767816
2.274137068534266781,-0.042201498900887945
2.278639319659829798,-0.042162690078046045
2.283141570785392815,-0.042123975494490346
2.287643821910955388,-0.042085354750944354
2.292146073036517961,-0.042046827450586896
2.296648324162080979,-0.042008393199032282
2.301150575287643996,-0.041970051604310638
2.305652826413206569,-0.041931802276848562
2.310155077538769142,-0.041893644829449808
2.314657328664332159,-0.041855578877276270
2.319159579789895176,-0.041817604037829137
2.323661830915457749,-0.041779719930930208
2.328164082041020322,-0.041741926178703419
2.332666333166583339,-0.041704222405556518
2.337168584292145912,-0.041666608238162949
2.341670835417708929,-0.041629083305443952
2.346173086543271502,-0.041591647238550737
2.350675337668834075,-0.041554299670846874
2.355177588794397092,-0.041517040237890913
2.359679839919960109,-0.041479868577419185
2.364182091045522682,-0.041442784329328575
2.368684342171085255,-0.041405787135659705
2.373186593296648272,-0.041368876640580116
2.377688844422211289,-0.041332052490367775
2.382191095547773863,-0.041295314333394506
2.386693346673336436,-0.041258661820109822
2.391195597798899453,-0.041222094603024721
2.395697848924462470,-0.041185612336695834
2.400200100050025043,-0.041149214677709448
2.404702351175587616,-0.041112901284666055
2.409204602301150189,-0.041076671818164621
2.413706853426713206,-0.041040525940787408
2.418209104552276223,-0.041004463317084627
2.422711355677838796,-0.040968483613559467
2.427213606803401369,-0.040932586498653070
2.431715857928964386,-0.040896771642729798
2.436218109054527403,-0.040861038718062591
2.440720360180089976,-0.040825387398818434
2.445222611305652549,-0.040789817361043978
2.449724862431215566,-0.040754328282651346
2.454227113556778583,-0.040718919843403922
2.458729364682341156,-0.040683591724902560
2.463231615807903729,-0.040648343610571500
2.467733866933466746,-0.040613175185644862
2.472236118059029764,-0.040578086137152983
2.476738369184592337,-0.040543076153908932
2.481240620310154910,-0.040508144926495161
2.485742871435717483,-0.040473292147250400
2.490245122561280500,-0.040438517510256455
2.494747373686843517,-0.040403820711325276
2.499249624812406090,-0.040369201447986107
2.503751875937968663,-0.040334659419472792
2.508254127063531680,-0.040300194326711107
2.512756378189094697,-0.040265805872306243
2.517258629314657270,-0.040231493760530521
2.521760880440219843,-0.040197257697310980
2.526263131565782860,-0.040163097390217374
2.530765382691345877,-0.040129012548449951
2.535267633816908450,-0.040095002882827711
2.539769884942471023,-0.040061068105776358
2.544272136068034040,-0.040027207931316748
2.548774387193596613,-0.039993422075053200
2.553276638319159630,-0.039959710254161916
2.557778889444722203,-0.039926072187379737
2.562281140570284776,-0.039892507594992681
2.566783391695847794,-0.039859016198824787
2.571285642821410811,-0.039825597722227025
2.575787893946973384,-0.039792251890066299
2.580290145072535957,-0.039758978428714467
2.584792396198098974,-0.039725777066037624
2.589294647323661991,-0.039692647531385301
2.593796898449224564,-0.039659589555579952
2.598299149574787137,-0.039626602870906240
2.602801400700350154,-0.039593687211100813
2.607303651825913171,-0.039560842311341840
2.611805902951475744,-0.039528067908238804
2.616308154077038317,-0.039495363739822334
2.620810405202601334,-0.039462729545534078
2.625312656328163907,-0.039430165066216848
2.629814907453726924,-0.039397670044104605
2.634317158579289497,-0.039365244222812672
2.638819409704852070,-0.039332887347328087
2.643321660830415087,-0.039300599163999882
2.647823911955978105,-0.039268379420529534
2.652326163081540678,-0.039236227865961586
2.656828414207103251,-0.039204144250674096
2.661330665332666268,-0.039172128326369515
2.665832916458229285,-0.039140179846065271
2.670335167583791858,-0.039108298564084792
2.674837418709354431,-0.039076484236048328
2.679339669834917448,-0.039044736618863998
2.683841920960480465,-0.039013055470718830
2.688344172086043038,-0.038981440551070036
2.692846423211605611,-0.038949891620636119
2.697348674337168184,-0.038918408441388233
2.701850925462731201,-0.038886990776541619
2.706353176588294218,-0.038855638390547009
2.710855427713856791,-0.038824351049082155
2.715357678839419364,-0.038793128519043471
2.719859929964982381,-0.038761970568537696
2.724362181090545398,-0.038730876966873599
2.728864432216107971,-0.038699847484553865
2.733366683341670544,-0.038668881893266907
2.737868934467233561,-0.038637979965878887
2.742371185592796579,-0.038607141476425660
2.746873436718359152,-0.038576366200104961
2.751375687843921725,-0.038545653913268453
2.755877938969484742,-0.038515004393414029
2.760380190095047759,-0.038484417419178012
2.764882441220610332,-0.038453892770327625
2.769384692346172905,-0.038423430227753255
2.773886943471735478,-0.038393029573461059
2.778389194597298495,-0.038362690590565414
2.782891445722861512,-0.038332413063281584
2.787393696848424085,-0.038302196776918276
2.791895947973986658,-0.038272041517870503
2.796398199099549675,-0.038241947073612240
2.800900450225112692,-0.038211913232689354
2.805402701350675265,-0.038181939784712432
2.809904952476237838,-0.038152026520349783
2.814407203601800855,-0.038122173231320451
2.818909454727363872,-0.038092379710387245
2.823411705852926445,-0.038062645751349940
2.827913956978489018,-0.038032971149038391
2.832416208104052036,-0.038003355699305789
2.836918459229614609,-0.037973799199022037
2.841420710355177626,-0.037944301446066961
2.845922961480740199,-0.037914862239323797
2.850425212606302772,-0.037885481378672661
2.854927463731865789,-0.037856158664984027
2.859429714857428806,-0.037826893900112270
2.863931965982991379,-0.037797686886889344
2.868434217108553952,-0.037768537429118336
2.872936468234116969,-0.037739445331567326
2.877438719359679986,-0.037710410399963035
2.881940970485242559,-0.037681432440984715
2.886443221610805132,-0.037652511262257951
2.890945472736368149,-0.037623646672348639
2.895447723861931166,-0.037594838480756884
2.899949974987493739,-0.037566086497911065
2.904452226113056312,-0.037537390535161884
2.908954477238619329,-0.037508750404776421
2.913456728364181902,-0.037480165919932383
2.917958979489744920,-0.037451636894712169
2.922461230615307493,-0.037423163144097271
2.926963481740870066,-0.037394744483962399
2.931465732866433083,-0.037366380731069918
2.935967983991996100,-0.037338071703064288
2.940470235117558673,-0.037309817218466289
2.944972486243121246,-0.037281617096667663
2.949474737368684263,-0.037253471157925565
2.953976988494247280,-0.037225379223357093
2.958479239619809853,-0.037197341114933856
2.962981490745372426,-0.037169356655476785
2.967483741870935443,-0.037141425668650578
2.971985992996498460,-0.037113547978958543
2.976488244122061033,-0.037085723411737388
2.980990495247623606,-0.037057951793151925
2.985492746373186179,-0.037030232950190020
2.989994997498749196,-0.037002566710657325
2.994497248624312213,-0.036974952903172389
2.998999499749874786,-0.036947391357161456
3.003501750875437804,-0.036919881902853592
3.008004002001000377,-0.036892424371275566
3.012506253126563394,-0.036865018594247095
3.017008504252125967,-0.036837664404375851
3.021510755377688540,-0.036810361635052614
3.026013006503251557,-0.036783110120446522
3.030515257628814130,-0.036755909695500223
3.035017508754377147,-0.036728760195925185
3.039519759879939720,-0.036701661458196956
3.044022011005502737,-0.036674613319550547
3.048524262131065310,-0.036647615617975700
3.053026513256628327,-0.036620668192212442
3.057528764382190900,-0.036593770881746313
3.062031015507753917,-0.036566923526804081
3.066533266633316490,-0.036540125968349040
3.071035517758879507,-0.036513378048076667
3.075537768884442080,-0.036486679608410143
3.080040020010005097,-0.036460030492495965
3.084542271135567670,-0.036433430544199598
3.089044522261130687,-0.036406879608101163
3.093546773386693260,-0.036380377529491068
3.098049024512255833,-0.036353924154365856
3.102551275637818851,-0.036327519329423824
3.107053526763381424,-0.036301162902060986
3.111555777888944441,-0.036274854720366748
3.116058029014507014,-0.036248594633119892
3.120560280140070031,-0.036222382489784370
3.125062531265632604,-0.036196218140505297
3.129564782391195621,-0.036170101436104898
3.134067033516758194,-0.036144032228078403
3.138569284642321211,-0.036118010368590164
3.143071535767883784,-0.036092035710469636
3.147573786893446801,-0.036066108107207465
3.152076038019009374,-0.036040227412951556
3.156578289144572391,-0.036014393482503272
3.161080540270134964,-0.035988606171313497
3.165582791395697537,-0.035962865335478870
3.170085042521260554,-0.035937170831737988
3.174587293646823127,-0.035911522517467660
3.179089544772386144,-0.035885920250679118
3.183591795897948717,-0.035860363890014353
3.188094047023511735,-0.035834853294742480
3.192596298149074308,-0.035809388324755949
3.197098549274637325,-0.035783968840567039
3.201600800400199898,-0.035758594703304197
3.206103051525762915,-0.035733265774708485
3.210605302651325488,-0.035707981917130066
3.215107553776888505,-0.035682742993524544
3.219609804902451078,-0.035657548867449630
3.224112056028014095,-0.035632399403061572
3.228614307153576668,-0.035607294465111738
3.233116558279139241,-0.035582233918943169
3.237618809404702258,-0.035557217630487178
3.242121060530264831,-0.035532245466260007
3.246623311655827848,-0.035507317293359431
3.251125562781390421,-0.035482432979461506
3.255627813906953438,-0.035457592392817108
3.260130065032516011,-0.035432795402248848
3.264632316158079028,-0.035408041877147661
3.269134567283641601,-0.035383331687469689
3.273636818409204619,-0.035358664703732896
3.278139069534767192,-0.035334040797014132
3.282641320660330209,-0.035309459838945678
3.287143571785892782,-0.035284921701712373
3.291645822911455799,-0.035260426258048240
3.296148074037018372,-0.035235973381233646
3.300650325162581389,-0.035211562945091965
3.305152576288143962,-0.035187194823986655
3.309654827413706535,-0.035162868892818284
3.314157078539269552,-0.035138585027021337
3.318659329664832125,-0.035114343102561375
3.323161580790395142,-0.035090142995931987
3.327663831915957715,-0.035065984584151881
3.332166083041520732,-0.035041867744761861
3.336668334167083305,-0.035017792355822058
3.341170585292646322,-0.034993758295908874
3.345672836418208895,-0.034969765444112268
3.350175087543771912,-0.034945813680032779
3.354677338669334485,-0.034921902883778756
3.359179589794897502,-0.034898032935963552
3.363681840920460075,-0.034874203717702675
3.368184092046023093,-0.034850415110611030
3.372686343171585666,-0.034826666996800253
3.377188594297148683,-0.034802959258875853
3.381690845422711256,-0.034779291779934503
3.386193096548273829,-0.034755664443561436
3.390695347673836846,-0.034732077133827692
3.395197598799399419,-0.034708529735287444
3.399699849924962436,-0.034685022132975397
3.404202101050525009,-0.034661554212404105
3.408704352176088026,-0.034638125859561449
3.413206603301650599,-0.034614736960907957
3.417708854427213616,-0.034591387403374266
3.422211105552776189,-0.034568077074358564
3.426713356678339206,-0.034544805861724030
3.431215607803901779,-0.034521573653796392
3.435717858929464796,-0.034498380339361277
3.440220110055027369,-0.034475225807661859
3.444722361180590386,-0.034452109948396342
3.449224612306152959,-0.034429032651715444
3.453726863431715532,-0.034405993808220021
3.458229114557278550,-0.034382993308958672
3.462731365682841123,-0.034360031045425232
3.467233616808404140,-0.034337106909556499
3.471735867933966713,-0.034314220793729762
3.476238119059529730,-0.034291372590760476
3.480740370185092303,-0.034268562193899947
3.485242621310655320,-0.034245789496832948
3.489744872436217893,-0.034223054393675491
3.494247123561780910,-0.034200356778972422
3.498749374687343483,-0.034177696547695202
3.503251625812906500,-0.034155073595239657
3.507753876938469073,-0.034132487817423680
3.512256128064032090,-0.034109939110485044
3.516758379189594663,-0.034087427371079095
3.521260630315157236,-0.034064952496276620
3.525762881440720253,-0.034042514383561678
3.530265132566282826,-0.034020112930829308
3.534767383691845843,-0.033997748036383453
3.539269634817408416,-0.033975419598934790
3.543771885942971434,-0.033953127517598609
3.548274137068534007,-0.033930871691892649
3.552776388194097024,-0.033908652021734986
3.557278639319659597,-0.033886468407442000
3.561780890445222614,-0.033864320749726243
3.566283141570785187,-0.033842208949694391
3.570785392696348204,-0.033820132908845141
3.575287643821910777,-0.033798092529067257
3.579789894947473794,-0.033776087712637494
3.584292146073036367,-0.033754118362218533
3.588794397198599384,-0.033732184380857053
3.593296648324161957,-0.033710285671981741
3.597798899449724530,-0.033688422139401236
3.602301150575287547,-0.033666593687302265
3.606803401700850120,-0.033644800220247642
3.611305652826413137,-0.033623041643174305
3.615807903951975710,-0.033601317861391401
3.620310155077538727,-0.033579628780578449
3.624812406203101300,-0.033557974306783346
3.629314657328664318,-0.033536354346420452
3.633816908454226891,-0.033514768806268865
3.638319159579789908,-0.033493217593470334
3.642821410705352481,-0.033471700615527691
3.647323661830915498,-0.033450217780302674
3.651825912956478071,-0.033428768996014366
3.656328164082041088,-0.033407354171237247
3.660830415207603661,-0.033385973214899410
3.665332666333166678,-0.033364626036280771
3.669834917458729251,-0.033343312545011314
3.674337168584291824,-0.033322032651069228
3.678839419709854841,-0.033300786264779225
3.683341670835417414,-0.033279573296810784
3.687843921960980431,-0.033258393658176365
3.692346173086543004,-0.033237247260229731
3.696848424212106021,-0.033216134014664160
3.701350675337668594,-0.033195053833510811
3.705852926463231611,-0.033174006629136957
3.710355177588794184,-0.033152992314244421
3.714857428714357201,-0.033132010801867735
3.719359679839919774,-0.033111062005372560
3.723861930965482792,-0.033090145838454030
3.728364182091045365,-0.033069262215135113
3.732866433216608382,-0.033048411049764935
3.737368684342170955,-0.033027592257017242
3.741870935467733528,-0.033006805751888635
3.746373186593296545,-0.032986051449697108
3.750875437718859118,-0.032965329266080388
3.755377688844422135,-0.032944639116994349
3.759879939969984708,-0.032923980918711467
3.764382191095547725,-0.032903354587819185
3.768884442221110298,-0.032882760041218477
3.773386693346673315,-0.032862197196122184
3.777888944472235888,-0.032841665970053516
3.782391195597798905,-0.032821166280844534
3.786893446723361478,-0.032800698046634630
3.791395697848924495,-0.032780261185869020
3.795897948974487068,-0.032759855617297211
3.800400200100050085,-0.032739481259971580
3.804902451225612658,-0.032719138033245776
3.809404702351175231,-0.032698825856773403
3.813906953476738249,-0.032678544650506416
3.818409204602300822,-0.032658294334693701
3.822911455727863839,-0.032638074829879696
3.827413706853426412,-0.032617886056902898
3.831915957978989429,-0.032597727936894402
3.836418209104552002,-0.032577600391276558
3.840920460230115019,-0.032557503341761461
3.845422711355677592,-0.032537436710349706
3.849924962481240609,-0.032517400419328796
3.854427213606803182,-0.032497394391271882
3.858929464732366199,-0.032477418549036366
3.863431715857928772,-0.032457472815762514
3.867933966983491789,-0.032437557114872097
3.872436218109054362,-0.032417671370067035
3.876938469234617379,-0.032397815505328019
3.881440720360179952,-0.032377989444913297
3.885942971485742525,-0.032358193113357157
3.890445222611305542,-0.032338426435468769
3.894947473736868115,-0.032318689336330773
3.899449724862431133,-0.032298981741298034
3.903951975987993706,-0.032279303575996288
3.908454227113556723,-0.032259654766320860
3.912956478239119296,-0.032240035238435459
3.917458729364682313,-0.032220444918770769
3.921960980490244886,-0.032200883734023314
3.926463231615807903,-0.032181351611154090
3.930965482741370476,-0.032161848477387393
3.935467733866933493,-0.032142374260209515
3.939969984992496066,-0.032122928887367515
3.944472236118059083,-0.032103512286868044
3.948974487243621656,-0.032084124386976047
3.953476738369184673,-0.032064765116213555
3.957978989494747246,-0.032045434403358559
3.962481240620309819,-0.032026132177443663
3.966983491745872836,-0.032006858367755034
3.971485742871435409,-0.031987612903831120
3.975987993996998426,-0.031968395715461506
3.980490245122560999,-0.031949206732685739
3.984992496248124016,-0.031930045885792097
3.989494747373686589,-0.031910913105316532
3.993996998499249607,-0.031891808322041450
3.998499249624812180,-0.031872731466994569
4.003001500750375641,-0.031853682471447813
4.007503751875937326,-0.031834661266916094
4.012006003001500787,-0.031815667785156258
4.016508254127063360,-0.031796701958166002
4.021010505252625933,-0.031777763718182570
4.025512756378189394,-0.031758852997681913
4.030015007503751079,-0.031739969729377364
4.034517258629314540,-0.031721113846218632
4.039019509754877113,-0.031702285281390769
4.043521760880439686,-0.031683483968312894
4.048024012006003147,-0.031664709840637358
4.052526263131565720,-0.031645962832248506
4.057028514257128293,-0.031627242877261666
4.061530765382691754,-0.031608549910022099
4.066033016508253439,-0.031589883865103918
4.070535267633816900,-0.031571244677309075
4.075037518759379473,-0.031552632281666250
4.079539769884942046,-0.031534046613429928
4.084042021010505508,-0.031515487608079269
4.088544272136068081,-0.031496955201317123
4.093046523261630654,-0.031478449329069014
4.097548774387193227,-0.031459969927482151
4.102051025512755800,-0.031441516932924352
4.106553276638319261,-0.031423090281983104
4.111055527763881834,-0.031404689911464542
4.115557778889444407,-0.031386315758392472
4.120060030015007868,-0.031367967760007394
4.124562281140569553,-0.031349645853765484
4.129064532266133014,-0.031331349977337684
4.133566783391695587,-0.031313080068608647
4.138069034517258160,-0.031294836065675860
4.142571285642821621,-0.031276617906848624
4.147073536768384194,-0.031258425530647178
4.151575787893946767,-0.031240258875801657
4.156078039019510229,-0.031222117881251218
4.160580290145071913,-0.031204002486143124
4.165082541270635375,-0.031185912629831676
4.169584792396197948,-0.031167848251877486
4.174087043521760521,-0.031149809292046381
4.178589294647323982,-0.031131795690308627
4.183091545772885667,-0.031113807386837920
4.187593796898449128,-0.031095844322010530
4.192096048024011701,-0.031077906436404346
4.196598299149574274,-0.031059993670798078
4.201100550275137735,-0.031042105966170280
4.205602801400700308,-0.031024243263698487
4.210105052526262881,-0.031006405504758375
4.214607303651826342,-0.030988592630922834
4.219109554777388027,-0.030970804583961096
4.223611805902951488,-0.030953041305837904
4.228114057028514061,-0.030935302738712658
4.232616308154076634,-0.030917588824938488
4.237118559279640095,-0.030899899507061471
4.241620810405202668,-0.030882234727819782
4.246123061530765241,-0.030864594430142809
4.250625312656327814,-0.030846978557150347
4.255127563781890387,-0.030829387052151758
4.259629814907453849,-0.030811819858645076
4.264132066033016422,-0.030794276920316339
4.268634317158578995,-0.030776758181038616
4.273136568284142456,-0.030759263584871261
4.277638819409704141,-0.030741793076059124
4.282141070535267602,-0.030724346599031636
4.286643321660830175,-0.030706924098402130
4.291145572786392748,-0.030689525518967017
4.295647823911956209,-0.030672150805704922
4.300150075037518782,-0.030654799903775953
4.304652326163081355,-0.030637472758520891
4.309154577288644816,-0.030620169315460452
4.313656828414206501,-0.030602889520294468
4.318159079539769962,-0.030585633318901115
4.322661330665332535,-0.030568400657336150
4.327163581790895108,-0.030551191481832166
4.331665832916458569,-0.030534005738797811
4.336168084042020254,-0.030516843374817044
4.340670335167583715,-0.030499704336648326
4.345172586293146288,-0.030482588571224017
4.349674837418708861,-0.030465496025649449
4.354177088544272323,-0.030448426647202289
4.358679339669834896,-0.030431380383331808
4.363181590795397469,-0.030414357181658105
4.367683841920960930,-0.030397356989971425
4.372186093046522615,-0.030380379756231410
4.376688344172086076,-0.030363425428566290
4.381190595297648649,-0.030346493955272367
4.385692846423211222,-0.030329585284813106
4.390195097548774683,-0.030312699365818572
4.394697348674336368,-0.030295836147084570
4.399199599799899829,-0.030278995577572097
4.403701850925462402,-0.030262177606406555
4.408204102051024975,-0.030245382182877052
4.412706353176588436,-0.030228609256435803
4.417208604302151009,-0.030211858776697305
4.421710855427713582,-0.030195130693437731
4.426213106553277044,-0.030178424956594303
4.430715357678838728,-0.030161741516264468
4.435217608804402190,-0.030145080322705339
4.439719859929964763,-0.030128441326333050
4.444222111055527336,-0.030111824477721948
4.448724362181090797,-0.030095229727604082
4.453226613306653370,-0.030078657026868450
4.457728864432215943,-0.030062106326560350
4.462231115557778516,-0.030045577577880820
4.466733366683341089,-0.030029070732185803
4.471235617808904550,-0.030012585740985736
4.475737868934467123,-0.029996122555944738
4.480240120060029696,-0.029979681128879956
4.484742371185593157,-0.029963261411761082
4.489244622311154842,-0.029946863356709600
4.493746873436718303,-0.029930486915998179
4.498249124562280876,-0.029914132042050054
4.502751375687843449,-0.029897798687438401
4.507253626813406910,-0.029881486804885747
4.511755877938969483,-0.029865196347263243
4.516258129064532056,-0.029848927267590274
4.520760380190095518,-0.029832679519033557
4.525262631315657202,-0.029816453054906798
4.529764882441220664,-0.029800247828669881
4.534267133566783237,-0.029784063793928457
4.538769384692345810,-0.029767900904433195
4.543271635817909271,-0.029751759114079207
4.547773886943470956,-0.029735638376905526
4.552276138069034417,-0.029719538647094545
4.556778389194596990,-0.029703459878971224
4.561280640320159563,-0.029687402027002787
4.565782891445723024,-0.029671365045797957
4.570285142571285597,-0.029655348890106362
4.574787393696848170,-0.029639353514818102
4.579289644822411631,-0.029623378874963080
4.583791895947973316,-0.029607424925710502
4.588294147073536777,-0.029591491622368137
4.592796398199099350,-0.029575578920382008
4.597298649324661923,-0.029559686775335655
4.601800900450225384,-0.029543815142949608
4.606303151575787069,-0.029527963979080918
4.610805402701350530,-0.029512133239722467
4.615307653826913104,-0.029496322881002526
4.619809904952475677,-0.029480532859184203
4.624312156078039138,-0.029464763130664821
4.628814407203601711,-0.029449013651975445
4.633316658329164284,-0.029433284379780378
4.637818909454727745,-0.029417575270876482
4.642321160580289430,-0.029401886282192827
4.646823411705852891,-0.029386217370790023
4.651325662831415464,-0.029370568493859790
4.655827913956978037,-0.029354939608724318
4.660330165082541498,-0.029339330672835881
4.664832416208104071,-0.029323741643776217
4.669334667333666644,-0.029308172479256055
4.673836918459229217,-0.029292623137114587
4.678339169584791790,-0.029277093575318918
4.682841420710355251,-0.029261583751963700
4.687343671835917824,-0.029246093625270444
4.691845922961480397,-0.029230623153587126
4.696348174087043859,-0.029215172295387608
4.700850425212605543,-0.029199741009271276
4.705352676338169005,-0.029184329253962353
4.709854927463731578,-0.029168936988309559
4.714357178589294151,-0.029153564171285593
4.718859429714857612,-0.029138210761986569
4.723361680840420185,-0.029122876719631575
4.727863931965982758,-0.029107562003562178
4.732366183091546219,-0.029092266573242022
4.736868434217107904,-0.029076990388256226
4.741370685342671365,-0.029061733408310923
4.745872936468233938,-0.029046495593232902
4.750375187593796511,-0.029031276902968972
4.754877438719359972,-0.029016077297585641
4.759379689844921657,-0.029000896737268567
4.763881940970485118,-0.028985735182322041
4.768384192096047691,-0.028970592593168663
4.772886443221610264,-0.028955468930348765
4.777388694347173725,-0.028940364154520015
4.781890945472736298,-0.028925278226456883
4.786393196598298871,-0.028910211107050294
4.790895447723862333,-0.028895162757307094
4.795397698849424017,-0.028880133138349608
4.799899949974987479,-0.028865122211415274
4.804402201100550052,-0.028850129937856038
4.808904452226112625,-0.028835156279138071
4.813406703351676086,-0.028820201196841224
4.817908954477238659,-0.028805264652658626
4.822411205602801232,-0.028790346608396317
4.826913456728363805,-0.028775447025972595
4.831415707853926378,-0.028760565867417823
4.835917958979489839,-0.028745703094873887
4.840420210105052412,-0.028730858670593797
4.844922461230614985,-0.028716032556941180
4.849424712356178446,-0.028701224716389983
4.853926963481740131,-0.028686435111523963
4.858429214607303592,-0.028671663705036248
4.862931465732866165,-0.028656910459729002
4.867433716858428738,-0.028642175338512967
4.871935967983992199,-0.028627458304406984
4.876438219109554773,-0.028612759320537744
4.880940470235117346,-0.028598078350139101
4.885442721360680807,-0.028583415356552039
4.889944972486242492,-0.028568770303223915
4.894447223611805953,-0.028554143153708220
4.898949474737368526,-0.028539533871664181
4.903451725862931099,-0.028524942420856313
4.907953976988494560,-0.028510368765154011
4.912456228114056245,-0.028495812868531260
4.916958479239619706,-0.028481274695066061
4.921460730365182279,-0.028466754208940168
4.925962981490744852,-0.028452251374438693
4.930465232616308313,-0.028437766155949590
4.934967483741870886,-0.028423298517963481
4.939469734867433459,-0.028408848425073029
4.943971985992996920,-0.028394415841972775
4.948474237118558605,-0.028380000733458557
4.952976488244122066,-0.028365603064427258
4.957478739369684639,-0.028351222799876417
4.961980990495247212,-0.028336859904903769
4.966483241620810674,-0.028322514344706968
4.970985492746372358,-0.028308186084583176
4.975487743871935820,-0.028293875089928588
4.979989994997498393,-0.028279581326238260
4.984492246123060966,-0.028265304759105617
4.988994497248624427,-0.028251045354222057
4.993496748374187000,-0.028236803077376697
4.997998999499749573,-0.028222577894455814
5.002501250625312146,-0.028208369771442778
5.007003501750875607,-0.028194178674417432
5.011505752876438180,-0.028180004569555824
5.016008004002000753,-0.028165847423129886
5.020510255127563326,-0.028151707201506990
5.025012506253126787,-0.028137583871149719
5.029514757378689360,-0.028123477398615395
5.034017008504251933,-0.028109387750555763
5.038519259629814506,-0.028095314893716698
5.043021510755377079,-0.028081258794937770
5.047523761880940540,-0.028067219421151968
5.052026013006503113,-0.028053196739385351
5.056528264132065686,-0.028039190716756607
5.061030515257628259,-0.028025201320476898
5.065532766383191721,-0.028011228517849263
5.070035017508754294,-0.027997272276268560
5.074537268634316867,-0.027983332563220970
5.079039519759879440,-0.027969409346283600
5.083541770885442901,-0.027955502593124310
5.088044022011005474,-0.027941612271501323
5.092546273136568047,-0.027927738349262838
5.097048524262130620,-0.027913880794346757
5.101550775387694081,-0.027900039574780315
5.106053026513256654,-0.027886214658679825
5.110555277638819227,-0.027872406014250315
5.115057528764381800,-0.027858613609785095
5.119559779889944373,-0.027844837413665668
5.124062031015507834,-0.027831077394361206
5.128564282141070407,-0.027817333520428335
5.133066533266632980,-0.027803605760510795
5.137568784392195553,-0.027789894083339064
5.142071035517759015,-0.027776198457730147
5.146573286643321588,-0.027762518852587199
5.151075537768884161,-0.027748855236899257
5.155577788894446734,-0.027735207579740809
5.160080040020010195,-0.027721575850271671
5.164582291145572768,-0.027707960017736528
5.169084542271135341,-0.027694360051464723
5.173586793396697914,-0.027680775920869864
5.178089044522261375,-0.027667207595449592
5.182591295647823948,-0.027653655044785296
5.187093546773386521,-0.027640118238541674
5.191595797898949094,-0.027626597146466647
5.196098049024511667,-0.027613091738390837
5.200600300150075128,-0.027599601984227479
5.205102551275637701,-0.027586127853971958
5.209604802401200274,-0.027572669317701561
5.214107053526762847,-0.027559226345575318
5.218609304652326308,-0.027545798907833451
5.223111555777888881,-0.027532386974797315
5.227613806903451454,-0.027518990516869065
5.232116058029014027,-0.027505609504531202
5.236618309154577489,-0.027492243908346519
5.241120560280140062,-0.027478893698957639
5.245622811405702635,-0.027465558847086891
5.250125062531265208,-0.027452239323535826
5.254627313656827781,-0.027438935099185113
5.259129564782391242,-0.027425646144994192
5.263631815907953815,-0.027412372432000974
5.268134067033516388,-0.027399113931321564
5.272636318159078961,-0.027385870614150074
5.277138569284642422,-0.027372642451758199
5.281640820410204995,-0.027359429415495112
5.286143071535767568,-0.027346231476787001
5.290645322661330141,-0.027333048607136992
5.295147573786893602,-0.027319880778124698
5.299649824912456175,-0.027306727961406093
5.304152076038018748,-0.027293590128713210
5.308654327163581321,-0.027280467251853742
5.313156578289144782,-0.027267359302710997
5.317658829414707355,-0.027254266253243502
5.322161080540269928,-0.027241188075484719
5.326663331665832501,-0.027228124741542820
5.331165582791395074,-0.027215076223600473
5.335667833916958536,-0.027202042493914523
5.340170085042521109,-0.027189023524815711
5.344672336168083682,-0.027176019288708487
5.349174587293646255,-0.027163029758070719
5.353676838419209716,-0.027150054905453417
5.358179089544772289,-0.027137094703480528
5.362681340670334862,-0.027124149124848590
5.367183591795897435,-0.027111218142326660
5.371685842921460896,-0.027098301728755814
5.376188094047023469,-0.027085399857049115
5.380690345172586042,-0.027072512500191208
5.385192596298148615,-0.027059639631238263
5.389694847423712076,-0.027046781223317426
5.394197098549274649,-0.027033937249626917
5.398699349674837222,-0.027021107683435523
5.403201600800399795,-0.027008292498082509
5.407703851925962368,-0.026995491666977275
5.412206103051525830,-0.026982705163599210
5.416708354177088403,-0.026969932961497314
5.421210605302650976,-0.026957175034290116
5.425712856428213549,-0.026944431355665356
5.430215107553777010,-0.026931701899379726
5.434717358679339583,-0.026918986639258683
5.439219609804902156,-0.026906285549196197
5.443721860930464729,-0.026893598603154462
5.448224112056028190,-0.026880925775163777
5.452726363181590763,-0.026868267039322234
5.457228614307153336,-0.026855622369795464
5.461730865432715909,-0.026842991740816450
5.466233116558278482,-0.026830375126685322
5.470735367683841943,-0.026817772501769092
5.475237618809404516,-0.026805183840501384
5.479739869934967089,-0.026792609117382318
5.484242121060529662,-0.026780048306978173
5.488744372186093123,-0.026767501383921248
5.493246623311655696,-0.026754968322909540
5.497748874437218269,-0.026742449098706621
5.502251125562780842,-0.026729943686141417
5.506753376688344304,-0.026717452060107841
5.511255627813906877,-0.026704974195564744
5.515757878939469450,-0.026692510067535657
5.520260130065032023,-0.026680059651108499
5.524762381190595484,-0.026667622921435350
5.529264632316158057,-0.026655199853732412
5.533766883441720630,-0.026642790423279578
5.538269134567283203,-0.026630394605420361
5.542771385692845776,-0.026618012375561585
5.547273636818409237,-0.026605643709173264
5.551775887943971810,-0.026593288581788308
5.556278139069534383,-0.026580946969002331
5.560780390195096956,-0.026568618846473515
5.565282641320660417,-0.026556304189922279
5.569784892446222990,-0.026544002975131171
5.574287143571785563,-0.026531715177944643
5.578789394697348136,-0.026519440774268703
5.583291645822911597,-0.026507179740070993
5.587793896948474170,-0.026494932051380329
5.592296148074036743,-0.026482697684286589
5.596798399199599316,-0.026470476614940498
5.601300650325162778,-0.026458268819553484
5.605802901450725351,-0.026446074274397408
5.610305152576287924,-0.026433892955804367
5.614807403701850497,-0.026421724840166517
5.619309654827413070,-0.026409569903935889
5.623811905952976531,-0.026397428123624118
5.628314157078539104,-0.026385299475802360
5.632816408204101677,-0.026373183937100964
5.637318659329664250,-0.026361081484209393
5.641820910455227711,-0.026348992093875957
5.646323161580790284,-0.026336915742907648
5.650825412706352857,-0.026324852408169942
5.655327663831915430,-0.026312802066586594
5.659829914957478891,-0.026300764695139416
5.664332166083041464,-0.026288740270868239
5.668834417208604037,-0.026276728770870492
5.673336668334166610,-0.026264730172301163
5.677838919459730072,-0.026252744452372575
5.682341170585292645,-0.026240771588354257
5.686843421710855218,-0.026228811557572597
5.691345672836417791,-0.026216864337410831
5.695847923961980364,-0.026204929905308753
5.700350175087543825,-0.026193008238762538
5.704852426213106398,-0.026181099315324651
5.709354677338668971,-0.026169203112603529
5.713856928464231544,-0.026157319608263462
5.718359179589795005,-0.026145448780024415
5.722861430715357578,-0.026133590605661870
5.727363681840920151,-0.026121745063006612
5.731865932966482724,-0.026109912129944495
5.736368184092046185,-0.026098091784416400
5.740870435217608758,-0.026086284004417915
5.745372686343171331,-0.026074488767999261
5.749874937468733904,-0.026062706053265078
5.754377188594297365,-0.026050935838374166
5.758879439719859938,-0.026039178101539513
5.763381690845422511,-0.026027432821027888
5.767883941970985084,-0.026015699975159835
5.772386193096547657,-0.026003979542309402
5.776888444222111119,-0.025992271500904024
5.781390695347673692,-0.025980575829424330
5.785892946473236265,-0.025968892506403995
5.790395197598798838,-0.025957221510429486
5.794897448724362299,-0.025945562820139993
5.799399699849924872,-0.025933916414227248
5.803901950975487445,-0.025922282271435258
5.808404202101050018,-0.025910660370560255
5.812906453226613479,-0.025899050690450474
5.817408704352176052,-0.025887453210005972
5.821910955477738625,-0.025875867908178547
5.826413206603301198,-0.025864294763971406
5.830915457728863771,-0.025852733756439174
5.835417708854427232,-0.025841184864687641
5.839919959979989805,-0.025829648067873631
5.844422211105552378,-0.025818123345204783
5.848924462231114951,-0.025806610675939499
5.853426713356678412,-0.025795110039386591
5.857928964482240985,-0.025783621414905398
5.862431215607803558,-0.025772144781905343
5.866933466733366132,-0.025760680119845981
5.871435717858929593,-0.025749227408236722
5.875937968984492166,-0.025737786626636710
5.880440220110054739,-0.025726357754654688
5.884942471235617312,-0.025714940771948767
5.889444722361180773,-0.025703535658226390
5.893946973486743346,-0.025692142393244091
5.898449224612305919,-0.025680760956807311
5.902951475737868492,-0.025669391328770306
5.907453726863431065,-0.025658033489036020
5.911955977988994526,-0.025646687417555838
5.916458229114557099,-0.025635353094329474
5.920960480240119672,-0.025624030499404898
5.925462731365682245,-0.025612719612878015
5.929964982491245706,-0.025601420414892686
5.934467233616808279,-0.025590132885640490
5.938969484742370852,-0.025578857005360507
5.943471735867933425,-0.025567592754339400
5.947973986993496887,-0.025556340112911004
5.952476238119059460,-0.025545099061456317
5.956978489244622033,-0.025533869580403313
5.961480740370184606,-0.025522651650226821
5.965982991495748067,-0.025511445251448356
5.970485242621310640,-0.025500250364636021
5.974987493746873213,-0.025489066970404258
5.979489744872435786,-0.025477895049413831
5.983991995997998359,-0.025466734582371531
5.988494247123561820,-0.025455585550030212
5.992996498249124393,-0.025444447933188480
5.997498749374686966,-0.025433321712690759
6.002001000500249539,-0.025422206869426794
6.006503251625813000,-0.025411103384331925
6.011005502751375573,-0.025400011238386661
6.015507753876938146,-0.025388930412616684
6.020010005002500719,-0.025377860888092560
6.024512256128064180,-0.025366802645929862
6.029014507253626753,-0.025355755667288694
6.033516758379189326,-0.025344719933373824
6.038019009504751899,-0.025333695425434382
6.042521260630314472,-0.025322682124763889
6.047023511755877934,-0.025311680012699893
6.051525762881440507,-0.025300689070624067
6.056028014007003080,-0.025289709279961894
6.060530265132565653,-0.025278740622182602
6.065032516258129114,-0.025267783078799115
6.069534767383691687,-0.025256836631367741
6.074037018509254260,-0.025245901261488159
6.078539269634816833,-0.025234976950803258
6.083041520760380294,-0.025224063680999043
6.087543771885942867,-0.025213161433804438
6.092046023011505440,-0.025202270190991138
6.096548274137068013,-0.025191389934373597
6.101050525262631474,-0.025180520645808786
6.105552776388194047,-0.025169662307196129
6.110055027513756620,-0.025158814900477239
6.114557278639319193,-0.025147978407636037
6.119059529764881766,-0.025137152810698400
6.123561780890445227,-0.025126338091732137
6.128064032016007801,-0.025115534232846810
6.132566283141570374,-0.025104741216193646
6.137068534267132947,-0.025093959023965454
6.141570785392696408,-0.025083187638396346
6.146073036518258981,-0.025072427041761779
6.150575287643821554,-0.025061677216378347
6.155077538769384127,-0.025050938144603654
6.159579789894947588,-0.025040209808836214
6.164082041020510161,-0.025029492191515321
6.168584292146072734,-0.025018785275120959
6.173086543271635307,-0.025008089042173508
6.177588794397198768,-0.024997403475233961
6.182091045522761341,-0.024986728556903409
6.186593296648323914,-0.024976064269823208
6.191095547773886487,-0.024965410596674776
6.195597798899449060,-0.024954767520179399
6.200100050025012521,-0.024944135023098141
6.204602301150575094,-0.024933513088231860
6.209104552276137667,-0.024922901698420871
6.213606803401700240,-0.024912300836544974
6.218109054527263702,-0.024901710485523327
6.222611305652826275,-0.024891130628314228
6.227113556778388848,-0.024880561247915163
6.231615807903951421,-0.024870002327362490
6.236118059029514882,-0.024859453849731480
6.240620310155077455,-0.024848915798136167
6.245122561280640028,-0.024838388155729162
6.249624812406202601,-0.024827870905701595
6.254127063531766062,-0.024817364031283012
6.258629314657328635,-0.024806867515741290
6.263131565782891208,-0.024796381342382323
6.267633816908453781,-0.024785905494550231
6.272136068034016354,-0.024775439955626963
6.276638319159579815,-0.024764984709032347
6.281140570285142388,-0.024754539738223894
6.285642821410704961,-0.024744105026696765
6.290145072536267534,-0.024733680557983546
6.294647323661830995,-0.024723266315654271
6.299149574787393568,-0.024712862283316199
6.303651825912956141,-0.024702468444613806
6.308154077038518714,-0.024692084783228506
6.312656328164082176,-0.024681711282878778
6.317158579289644749,-0.024671347927319870
6.321660830415207322,-0.024660994700343757
6.326163081540769895,-0.024650651585779049
6.330665332666333356,-0.024640318567490816
6.335167583791895929,-0.024629995629380608
6.339669834917458502,-0.024619682755386174
6.344172086043021075,-0.024609379929481492
6.348674337168583648,-0.024599087135676673
6.353176588294147109,-0.024588804358017698
6.357678839419709682,-0.024578531580586465
6.362181090545272255,-0.024568268787500638
6.366683341670834828,-0.024558015962913574
6.371185592796398289,-0.024547773091014080
6.375687843921960862,-0.024537540156026504
6.380190095047523435,-0.024527317142210552
6.384692346173086008,-0.024517104033861051
6.389194597298649470,-0.024506900815308076
6.393696848424212043,-0.024496707470916708
6.398199099549774616,-0.024486523985086977
6.402701350675337189,-0.024476350342253705
6.407203601800899762,-0.024466186526886504
6.411705852926463223,-0.024456032523489542
6.416208104052025796,-0.024445888316601602
6.420710355177588369,-0.024435753890795799
6.425212606303150942,-0.024425629230679639
6.429714857428714403,-0.024415514320894866
6.434217108554276976,-0.024405409146117326
6.438719359679839549,-0.024395313691056880
6.443221610805402122,-0.024385227940457384
6.447723861930965583,-0.024375151879096453
6.452226113056528156,-0.024365085491785499
6.456728364182090729,-0.024355028763369507
6.461230615307653302,-0.024344981678727104
6.465732866433216763,-0.024334944222770254
6.470235117558779336,-0.024324916380444310
6.474737368684341909,-0.024314898136727946
6.479239619809904482,-0.024304889476632851
6.483741870935467055,-0.024294890385203910
6.488244122061030517,-0.024284900847518883
6.492746373186593090,-0.024274920848688486
6.497248624312155663,-0.024264950373856092
6.501750875437718236,-0.024254989408197869
6.506253126563281697,-0.024245037936922512
6.510755377688844270,-0.024235095945271262
6.515257628814406843,-0.024225163418517708
6.519759879939969416,-0.024215240341967752
6.524262131065532877,-0.024205326700959557
6.528764382191095450,-0.024195422480863406
6.533266633316658023,-0.024185527667081552
6.537768884442220596,-0.024175642245048267
6.542271135567784057,-0.024165766200229585
6.546773386693346630,-0.024155899518123424
6.551275637818909203,-0.024146042184259277
6.555777888944471776,-0.024136194184198236
6.560280140070034349,-0.024126355503532902
6.564782391195597810,-0.024116526127887207
6.569284642321160383,-0.024106706042916520
6.573786893446722956,-0.024096895234307327
6.578289144572285529,-0.024087093687777287
6.582791395697848991,-0.024077301389075080
6.587293646823411564,-0.024067518323980370
6.591795897948974137,-0.024057744478303670
6.596298149074536710,-0.024047979837886323
6.600800400200100171,-0.024038224388600274
6.605302651325662744,-0.024028478116348170
6.609804902451225317,-0.024018741007063121
6.614307153576787890,-0.024009013046708706
6.618809404702350463,-0.023999294221278840
6.623311655827913924,-0.023989584516797651
6.627813906953476497,-0.023979883919319569
6.632316158079039070,-0.023970192414929020
6.636818409204601643,-0.023960509989740444
6.641320660330165104,-0.023950836629898224
6.645822911455727677,-0.023941172321576623
6.650325162581290250,-0.023931517050979626
6.654827413706852823,-0.023921870804340818
6.659329664832416285,-0.023912233567923512
6.663831915957978858,-0.023902605328020455
6.668334167083541431,-0.023892986070953803
6.672836418209104004,-0.023883375783075100
6.677338669334667465,-0.023873774450765137
6.681840920460230038,-0.023864182060433864
6.686343171585792611,-0.023854598598520321
6.690845422711355184,-0.023845024051492619
6.695347673836917757,-0.023835458405847734
6.699849924962481218,-0.023825901648111537
6.704352176088043791,-0.023816353764838708
6.708854427213606364,-0.023806814742612536
6.713356678339168937,-0.023797284568044988
6.717858929464732398,-0.023787763227776548
6.722361180590294971,-0.023778250708476133
6.726863431715857544,-0.023768746996841089
6.731365682841420117,-0.023759252079597032
6.735867933966983578,-0.023749765943497786
6.740370185092546151,-0.023740288575325313
6.744872436218108724,-0.023730819961889641
6.749374687343671297,-0.023721360090028818
6.753876938469234759,-0.023711908946608799
6.758379189594797332,-0.023702466518523296
6.762881440720359905,-0.023693032792693861
6.767383691845922478,-0.023683607756069664
6.771885942971485051,-0.023674191395627556
6.776388194097048512,-0.023664783698371772
6.780890445222611085,-0.023655384651334186
6.785392696348173658,-0.023645994241573882
6.789894947473736231,-0.023636612456177316
6.794397198599299692,-0.023627239282258187
6.798899449724862265,-0.023617874706957271
6.803401700850424838,-0.023608518717442514
6.807903951975987411,-0.023599171300908758
6.812406203101550872,-0.023589832444577869
6.816908454227113445,-0.023580502135698480
6.821410705352676018,-0.023571180361546092
6.825912956478238591,-0.023561867109422832
6.830415207603802052,-0.023552562366657481
6.834917458729364625,-0.023543266120605432
6.839419709854927198,-0.023533978358648500
6.843921960980489771,-0.023524699068194963
6.848424212106052344,-0.023515428236679382
6.852926463231615806,-0.023506165851562632
6.857428714357178379,-0.023496911900331818
6.861930965482740952,-0.023487666370500142
6.866433216608303525,-0.023478429249606823
6.870935467733866986,-0.023469200525217112
6.875437718859429559,-0.023459980184922184
6.879939969984992132,-0.023450768216339030
6.884442221110554705,-0.023441564607110443
6.888944472236118166,-0.023432369344904929
6.893446723361680739,-0.023423182417416574
6.897948974487243312,-0.023414003812365115
6.902451225612805885,-0.023404833517495692
6.906953476738369346,-0.023395671520578927
6.911455727863931919,-0.023386517809410843
6.915957978989494492,-0.023377372371812671
6.920460230115057065,-0.023368235195630929
6.924962481240619638,-0.023359106268737207
6.929464732366183100,-0.023349985579028319
6.933966983491745673,-0.023340873114425967
6.938469234617308246,-0.023331768862876887
6.942971485742870819,-0.023322672812352636
6.947473736868434280,-0.023313584950849668
6.951975987993996853,-0.023304505266389129
6.956478239119559426,-0.023295433747016852
6.960980490245121999,-0.023286370380803348
6.965482741370685460,-0.023277315155843584
6.969984992496248033,-0.023268268060257120
6.974487243621810606,-0.023259229082187853
6.978989494747373179,-0.023250198209804077
6.983491745872935752,-0.023241175431298382
6.987993996998499213,-0.023232160734887555
6.992496248124061786,-0.023223154108812569
6.996998499249624359,-0.023214155541338502
7.001500750375186932,-0.023205165020754443
7.006003001500750393,-0.023196182535373470
7.010505252626312966,-0.023187208073532497
7.015007503751875539,-0.023178241623592406
7.019509754877438112,-0.023169283173937755
7.024012006003001574,-0.023160332712976857
7.028514257128564147,-0.023151390229141627
7.033016508254126720,-0.023142455710887681
7.037518759379689293,-0.023133529146694049
7.042021010505252754,-0.023124610525063264
7.046523261630815327,-0.023115699834521261
7.051025512756377900,-0.023106797063617304
7.055527763881940473,-0.023097902200923996
7.060030015007503046,-0.023089015235037060
7.064532266133066507,-0.023080136154575465
7.069034517258629080,-0.023071264948181177
7.073536768384191653,-0.023062401604519264
7.078039019509754226,-0.023053546112277768
7.082541270635317687,-0.023044698460167604
7.087043521760880260,-0.023035858636922587
7.091545772886442833,-0.023027026631299231
7.096048024012005406,-0.023018202432076900
7.100550275137568867,-0.023009386028057563
7.105052526263131440,-0.023000577408065756
7.109554777388694013,-0.022991776560948696
7.114057028514256587,-0.022982983475575969
7.118559279639820048,-0.022974198140839633
7.123061530765382621,-0.022965420545654151
7.127563781890945194,-0.022956650678956268
7.132066033016507767,-0.022947888529705019
7.136568284142070340,-0.022939134086881585
7.141070535267633801,-0.022930387339489381
7.145572786393196374,-0.022921648276553783
7.150075037518758947,-0.022912916887122256
7.154577288644321520,-0.022904193160264277
7.159079539769884981,-0.022895477085071135
7.163581790895447554,-0.022886768650656086
7.168084042021010127,-0.022878067846154079
7.172586293146572700,-0.022869374660721895
7.177088544272136161,-0.022860689083537868
7.181590795397698734,-0.022852011103802122
7.186093046523261307,-0.022843340710736248
7.190595297648823880,-0.022834677893583344
7.195097548774386453,-0.022826022641608060
7.199599799899949915,-0.022817374944096313
7.204102051025512488,-0.022808734790355483
7.208604302151075061,-0.022800102169714218
7.213106553276637634,-0.022791477071522355
7.217608804402201095,-0.022782859485150936
7.222111055527763668,-0.022774249399992182
7.226613306653326241,-0.022765646805459297
7.231115557778888814,-0.022757051690986567
7.235617808904452275,-0.022748464046029215
7.240120060030014848,-0.022739883860063422
7.244622311155577421,-0.022731311122586143
7.249124562281139994,-0.022722745823115179
7.253626813406703455,-0.022714187951189121
7.258129064532266028,-0.022705637496367143
7.262631315657828601,-0.022697094448229194
7.267133566783391174,-0.022688558796375716
7.271635817908953747,-0.022680030530427723
7.276138069034517208,-0.022671509640026736
7.280640320160079781,-0.022662996114834622
7.285142571285642354,-0.022654489944533729
7.289644822411204927,-0.022645991118826675
7.294147073536768389,-0.022637499627436348
7.298649324662330962,-0.022629015460105883
7.303151575787893535,-0.022620538606598534
7.307653826913456108,-0.022612069056697794
7.312156078039019569,-0.022603606800207090
7.316658329164582142,-0.022595151826949912
7.321160580290144715,-0.022586704126769743
7.325662831415707288,-0.022578263689529945
7.330165082541270749,-0.022569830505113707
7.334667333666833322,-0.022561404563424200
7.339169584792395895,-0.022552985854384120
7.343671835917958468,-0.022544574367936047
7.348174087043521041,-0.022536170094042129
7.352676338169084502,-0.022527773022684210
7.357178589294647075,-0.022519383143863588
7.361680840420209648,-0.022511000447601182
7.366183091545772221,-0.022502624923937318
7.370685342671335682,-0.022494256562931740
7.375187593796898256,-0.022485895354663530
7.379689844922460829,-0.022477541289231115
7.384192096048023402,-0.022469194356752230
7.388694347173586863,-0.022460854547363757
7.393196598299149436,-0.022452521851221763
7.397698849424712009,-0.022444196258501456
7.402201100550274582,-0.022435877759397108
7.406703351675838043,-0.022427566344122022
7.411205602801400616,-0.022419262002908422
7.415707853926963189,-0.022410964726007544
7.420210105052525762,-0.022402674503689476
7.424712356178088335,-0.022394391326243088
7.429214607303651796,-0.022386115183976145
7.433716858429214369,-0.022377846067215004
7.438219109554776942,-0.022369583966304812
7.442721360680339515,-0.022361328871609357
7.447223611805902976,-0.022353080773510992
7.451725862931465549,-0.022344839662410656
7.456228114057028122,-0.022336605528727738
7.460730365182590695,-0.022328378362900143
7.465232616308154157,-0.022320158155384160
7.469734867433716730,-0.022311944896654431
7.474237118559279303,-0.022303738577203944
7.478739369684841876,-0.022295539187543977
7.483241620810405337,-0.022287346718203937
7.487743871935967910,-0.022279161159731550
7.492246123061530483,-0.022270982502692587
7.496748374187093056,-0.022262810737670957
7.501250625312655629,-0.022254645855268596
7.505752876438219090,-0.022246487846105407
7.510255127563781663,-0.022238336700819337
7.514757378689344236,-0.022230192410066154
7.519259629814906809,-0.022222054964519580
7.523761880940470270,-0.022213924354871052
7.528264132066032843,-0.022205800571829911
7.532766383191595416,-0.022197683606123158
7.537268634317157989,-0.022189573448495467
7.541770885442721450,-0.022181470089709221
7.546273136568284023,-0.022173373520544402
7.550775387693846596,-0.022165283731798473
7.555277638819409169,-0.022157200714286503
7.559779889944971742,-0.022149124458840968
7.564282141070535204,-0.022141054956311856
7.568784392196097777,-0.022132992197566433
7.573286643321660350,-0.022124936173489432
7.577788894447222923,-0.022116886874982752
7.582291145572786384,-0.022108844292965665
7.586793396698348957,-0.022100808418374630
7.591295647823911530,-0.022092779242163203
7.595797898949474103,-0.022084756755302203
7.600300150075037564,-0.022076740948779438
7.604802401200600137,-0.022068731813599751
7.609304652326162710,-0.022060729340785120
7.613806903451725283,-0.022052733521374331
7.618309154577288744,-0.022044744346423163
7.622811405702851317,-0.022036761807004319
7.627313656828413890,-0.022028785894207269
7.631815907953976463,-0.022020816599138262
7.636318159079539036,-0.022012853912920429
7.640820410205102498,-0.022004897826693466
7.645322661330665071,-0.021996948331613874
7.649824912456227644,-0.021989005418854662
7.654327163581790217,-0.021981069079605526
7.658829414707353678,-0.021973139305072716
7.663331665832916251,-0.021965216086478889
7.667833916958478824,-0.021957299415063334
7.672336168084041397,-0.021949389282081597
7.676838419209604858,-0.021941485678805810
7.681340670335167431,-0.021933588596524268
7.685842921460730004,-0.021925698026541703
7.690345172586292577,-0.021917813960179038
7.694847423711856038,-0.021909936388773508
7.699349674837418611,-0.021902065303678522
7.703851925962981184,-0.021894200696263567
7.708354177088543757,-0.021886342557914350
7.712856428214106330,-0.021878490880032589
7.717358679339669791,-0.021870645654036031
7.721860930465232364,-0.021862806871358487
7.726363181590794937,-0.021854974523449693
7.730865432716357510,-0.021847148601775251
7.735367683841920972,-0.021839329097816697
7.739869934967483545,-0.021831516003071438
7.744372186093046118,-0.021823709309052655
7.748874437218608691,-0.021815909007289323
7.753376688344172152,-0.021808115089326043
7.757878939469734725,-0.021800327546723227
7.762381190595297298,-0.021792546371056921
7.766883441720859871,-0.021784771553918732
7.771385692846422444,-0.021777003086915891
7.775887943971985905,-0.021769240961671141
7.780390195097548478,-0.021761485169822747
7.784892446223111051,-0.021753735703024465
7.789394697348673624,-0.021745992552945459
7.793896948474237085,-0.021738255711270221
7.798399199599799658,-0.021730525169698686
7.802901450725362231,-0.021722800919946095
7.807403701850924804,-0.021715082953742956
7.811905952976488265,-0.021707371262834965
7.816408204102050838,-0.021699665838983133
7.820910455227613411,-0.021691966673963566
7.825412706353175984,-0.021684273759567507
7.829914957478739446,-0.021676587087601368
7.834417208604302019,-0.021668906649886570
7.838919459729864592,-0.021661232438259528
7.843421710855427165,-0.021653564444571772
7.847923961980989738,-0.021645902660689623
7.852426213106553199,-0.021638247078494433
7.856928464232115772,-0.021630597689882399
7.861430715357678345,-0.021622954486764635
7.865932966483240918,-0.021615317461066971
7.870435217608804379,-0.021607686604730052
7.874937468734366952,-0.021600061909709273
7.879439719859929525,-0.021592443367974785
7.883941970985492098,-0.021584830971511329
7.888444222111055559,-0.021577224712318290
7.892946473236618132,-0.021569624582409779
7.897448724362180705,-0.021562030573814304
7.901950975487743278,-0.021554442678575054
7.906453226613306740,-0.021546860888749596
7.910955477738869313,-0.021539285196410064
7.915457728864431886,-0.021531715593642985
7.919959979989994459,-0.021524152072549284
7.924462231115557032,-0.021516594625244197
7.928964482241120493,-0.021509043243857450
7.933466733366683066,-0.021501497920532863
7.937968984492245639,-0.021493958647428642
7.942471235617808212,-0.021486425416717244
7.946973486743371673,-0.021478898220585192
7.951475737868934246,-0.021471377051233299
7.955977988994496819,-0.021463861900876458
7.960480240120059392,-0.021456352761743642
7.964982491245622853,-0.021448849626077928
7.969484742371185426,-0.021441352486136368
7.973986993496747999,-0.021433861334190084
7.978489244622310572,-0.021426376162524099
7.982991495747874033,-0.021418896963437382
7.987493746873436606,-0.021411423729242793
7.991995997998999179,-0.021403956452267080
7.996498249124561752,-0.021396495124850857
8.001000500250125214,-0.021389039739348421
8.005502751375686898,-0.021381590288127989
8.010005002501250360,-0.021374146763571380
8.014507253626813821,-0.021366709158074221
8.019009504752375506,-0.021359277464045739
8.023511755877938967,-0.021351851673908850
8.028014007003502428,-0.021344431780100061
8.032516258129064113,-0.021337017775069436
8.037018509254625798,-0.021329609651280623
8.041520760380191035,-0.021322207401210706
8.046023011505752720,-0.021314811017350426
8.050525262631314405,-0.021307420492203751
8.055027513756877866,-0.021300035818288217
8.059529764882441327,-0.021292656988134720
8.064032016008003012,-0.021285283994287467
8.068534267133566473,-0.021277916829304088
8.073036518259129934,-0.021270555485755398
8.077538769384691619,-0.021263199956225498
8.082041020510255080,-0.021255850233311856
8.086543271635818542,-0.021248506309624902
8.091045522761380226,-0.021241168177788494
8.095547773886941911,-0.021233835830439481
8.100050025012507149,-0.021226509260227830
8.104552276138068834,-0.021219188459816643
8.109054527263630519,-0.021211873421882056
8.113556778389193980,-0.021204564139113199
8.118059029514757441,-0.021197260604212221
8.122561280640319126,-0.021189962809894221
8.127063531765882587,-0.021182670748887245
8.131565782891446048,-0.021175384413932262
8.136068034017007733,-0.021168103797782993
8.140570285142571194,-0.021160828893206179
8.145072536268134655,-0.021153559692981213
8.149574787393696340,-0.021146296189900417
8.154077038519258025,-0.021139038376768740
8.158579289644823263,-0.021131786246403949
8.163081540770384947,-0.021124539791636431
8.167583791895946632,-0.021117299005309311
8.172086043021510093,-0.021110063880278303
8.176588294147073555,-0.021102834409411738
8.181090545272635239,-0.021095610585590528
8.185592796398198701,-0.021088392401708171
8.190095047523762162,-0.021081179850670644
8.194597298649323847,-0.021073972925396426
8.199099549774887308,-0.021066771618816513
8.203601800900450769,-0.021059575923874235
8.208104052026012454,-0.021052385833525381
8.212606303151574139,-0.021045201340738163
8.217108554277139376,-0.021038022438493103
8.221610805402701061,-0.021030849119783059
8.226113056528262746,-0.021023681377613197
8.230615307653826207,-0.021016519205000875
8.235117558779389668,-0.021009362594975784
8.239619809904951353,-0.021002211540579761
8.244122061030514814,-0.020995066034866908
8.248624312156078275,-0.020987926070903443
8.253126563281639960,-0.020980791641767648
8.257628814407203421,-0.020973662740550004
8.262131065532766883,-0.020966539360352966
8.266633316658328567,-0.020959421494291180
8.271135567783892029,-0.020952309135491162
8.275637818909455490,-0.020945202277091516
8.280140070035017175,-0.020938100912242751
8.284642321160578859,-0.020931005034107379
8.289144572286142321,-0.020923914635859762
8.293646823411705782,-0.020916829710686178
8.298149074537267467,-0.020909750251784782
8.302651325662830928,-0.020902676252365471
8.307153576788394389,-0.020895607705650042
8.311655827913956074,-0.020888544604872047
8.316158079039519535,-0.020881486943276781
8.320660330165082996,-0.020874434714121252
8.325162581290644681,-0.020867387910674124
8.329664832416208142,-0.020860346526215875
8.334167083541771603,-0.020853310554038478
8.338669334667333288,-0.020846279987445576
8.343171585792894973,-0.020839254819752427
8.347673836918458434,-0.020832235044285871
8.352176088044021895,-0.020825220654384208
8.356678339169583580,-0.020818211643397352
8.361180590295147042,-0.020811208004686634
8.365682841420710503,-0.020804209731624879
8.370185092546272188,-0.020797216817596331
8.374687343671835649,-0.020790229255996700
8.379189594797399110,-0.020783247040233026
8.383691845922960795,-0.020776270163723690
8.388194097048524256,-0.020769298619898506
8.392696348174087717,-0.020762332402198519
8.397198599299649402,-0.020755371504076088
8.401700850425211087,-0.020748415918994834
8.406203101550776324,-0.020741465640429571
8.410705352676338009,-0.020734520661866419
8.415207603801899694,-0.020727580976802530
8.419709854927463155,-0.020720646578746421
8.424212106053026616,-0.020713717461217522
8.428714357178588301,-0.020706793617746588
8.433216608304151762,-0.020699875041875301
8.437718859429715224,-0.020692961727156477
8.442221110555276908,-0.020686053667153939
8.446723361680840370,-0.020679150855442537
8.451225612806403831,-0.020672253285608143
8.455727863931965516,-0.020665360951247515
8.460230115057527200,-0.020658473845968452
8.464732366183092438,-0.020651591963389507
8.469234617308654123,-0.020644715297140348
8.473736868434215808,-0.020637843840861331
8.478239119559779269,-0.020630977588203737
8.482741370685342730,-0.020624116532829612
8.487243621810904415,-0.020617260668411842
8.491745872936467876,-0.020610409988634056
8.496248124062031337,-0.020603564487190678
8.500750375187593022,-0.020596724157786822
8.505252626313156483,-0.020589888994138300
8.509754877438719944,-0.020583058989971589
8.514257128564281629,-0.020576234139023847
8.518759379689843314,-0.020569414435042885
8.523261630815408552,-0.020562599871786980
8.527763881940970236,-0.020555790443025225
8.532266133066531921,-0.020548986142537043
8.536768384192095382,-0.020542186964112582
8.541270635317658844,-0.020535392901552339
8.545772886443220528,-0.020528603948667453
8.550275137568783990,-0.020521820099279428
8.554777388694347451,-0.020515041347220223
8.559279639819909136,-0.020508267686332238
8.563781890945472597,-0.020501499110468294
8.568284142071036058,-0.020494735613491567
8.572786393196597743,-0.020487977189275617
8.577288644322159428,-0.020481223831704230
8.581790895447724665,-0.020474475534671611
8.586293146573286350,-0.020467732292082205
8.590795397698848035,-0.020460994097850786
8.595297648824411496,-0.020454260945902206
8.599799899949974957,-0.020447532830171731
8.604302151075536642,-0.020440809744604709
8.608804402201100103,-0.020434091683156679
8.613306653326663564,-0.020427378639793315
8.617808904452225249,-0.020420670608490493
8.622311155577788711,-0.020413967583234140
8.626813406703352172,-0.020407269558020268
8.631315657828913857,-0.020400576526854966
8.635817908954477318,-0.020393888483754341
8.640320160080040779,-0.020387205422744577
8.644822411205602464,-0.020380527337861803
8.649324662331164149,-0.020373854223152164
8.653826913456727610,-0.020367186072671743
8.658329164582291071,-0.020360522880486502
8.662831415707852756,-0.020353864640672431
8.667333666833416217,-0.020347211347315295
8.671835917958979678,-0.020340562994510834
8.676338169084541363,-0.020333919576364538
8.680840420210104824,-0.020327281086991805
8.685342671335668285,-0.020320647520517779
8.689844922461229970,-0.020314018871077401
8.694347173586793431,-0.020307395132815390
8.698849424712356893,-0.020300776299886258
8.703351675837918577,-0.020294162366454087
8.707853926963480262,-0.020287553326692877
8.712356178089043723,-0.020280949174786067
8.716858429214607185,-0.020274349904926957
8.721360680340168869,-0.020267755511318337
8.725862931465732331,-0.020261165988172760
8.730365182591295792,-0.020254581329712265
8.734867433716857477,-0.020248001530168432
8.739369684842420938,-0.020241426583782546
8.743871935967984399,-0.020234856484805327
8.748374187093546084,-0.020228291227496972
8.752876438219109545,-0.020221730806127308
8.757378689344673006,-0.020215175214975473
8.761880940470234691,-0.020208624448330201
8.766383191595796376,-0.020202078500489534
8.770885442721361613,-0.020195537365761032
8.775387693846923298,-0.020189001038461635
8.779889944972484983,-0.020182469512917571
8.784392196098048444,-0.020175942783464473
8.788894447223611905,-0.020169420844447374
8.793396698349173590,-0.020162903690220470
8.797898949474737051,-0.020156391315147449
8.802401200600300513,-0.020149883713601047
8.806903451725862197,-0.020143380879963424
8.811405702851425659,-0.020136882808625904
8.815907953976989120,-0.020130389493989046
8.820410205102550805,-0.020123900930462579
8.824912456228112489,-0.020117417112465449
8.829414707353677727,-0.020110938034425700
8.833916958479239412,-0.020104463690780561
8.838419209604801097,-0.020097994075976389
8.842921460730364558,-0.020091529184468552
8.847423711855928019,-0.020085069010721605
8.851925962981489704,-0.020078613549209104
8.856428214107053165,-0.020072162794413619
8.860930465232616626,-0.020065716740826797
8.865432716358178311,-0.020059275382949271
8.869934967483741772,-0.020052838715290660
8.874437218609305233,-0.020046406732369480
8.878939469734866918,-0.020039979428713328
8.883441720860428603,-0.020033556798858560
8.887943971985993841,-0.020027138837350571
8.892446223111555526,-0.020020725538743598
8.896948474237117210,-0.020014316897600786
8.901450725362680672,-0.020007912908493970
8.905952976488244133,-0.020001513566004069
8.910455227613805818,-0.019995118864720596
8.914957478739369279,-0.019988728799241989
8.919459729864932740,-0.019982343364175446
8.923961980990494425,-0.019975962554136809
8.928464232116057886,-0.019969586363750829
8.932966483241621347,-0.019963214787650892
8.937468734367183032,-0.019956847820479035
8.941970985492744717,-0.019950485456886081
8.946473236618309954,-0.019944127691531491
8.950975487743871639,-0.019937774519083296
8.955477738869433324,-0.019931425934218261
8.959979989994996785,-0.019925081931621725
8.964482241120560246,-0.019918742505987588
8.968984492246121931,-0.019912407652018401
8.973486743371685392,-0.019906077364425151
8.977988994497248854,-0.019899751637927513
8.982491245622810538,-0.019893430467253604
8.986993496748374000,-0.019887113847139981
8.991495747873937461,-0.019880801772331851
8.995997998999499146,-0.019874494237582734
9.000500250125062607,-0.019868191237654674
9.005002501250624292,-0.019861892767318201
9.009504752376187753,-0.019855598821352113
9.014007003501751214,-0.019849309394543747
9.018509254627312899,-0.019843024481688766
9.023011505752876360,-0.019836744077591201
9.027513756878438045,-0.019830468177063403
9.032016008004001506,-0.019824196774926067
9.036518259129564967,-0.019817929866008267
9.041020510255126652,-0.019811667445147264
9.045522761380690113,-0.019805409507188659
9.050025012506253574,-0.019799156046986281
9.054527263631815259,-0.019792907059402263
9.059029514757378720,-0.019786662539306912
9.063531765882940405,-0.019780422481578717
9.068034017008503866,-0.019774186881104421
9.072536268134067328,-0.019767955732778918
9.077038519259629012,-0.019761729031505238
9.081540770385192474,-0.019755506772194585
9.086043021510754158,-0.019749288949766269
9.090545272636317620,-0.019743075559147717
9.095047523761881081,-0.019736866595274429
9.099549774887442766,-0.019730662053090060
9.104052026013006227,-0.019724461927546146
9.108554277138569688,-0.019718266213602433
9.113056528264131373,-0.019712074906226611
9.117558779389694834,-0.019705888000394443
9.122061030515256519,-0.019699705491089591
9.126563281640819980,-0.019693527373303741
9.131065532766383441,-0.019687353642036554
9.135567783891945126,-0.019681184292295584
9.140070035017508587,-0.019675019319096387
9.144572286143070272,-0.019668858717462330
9.149074537268633733,-0.019662702482424774
9.153576788394197195,-0.019656550609022879
9.158079039519758879,-0.019650403092303693
9.162581290645322341,-0.019644259927322116
9.167083541770885802,-0.019638121109140847
9.171585792896447487,-0.019631986632830459
9.176088044022010948,-0.019625856493469322
9.180590295147572633,-0.019619730686143425
9.185092546273136094,-0.019613609205946781
9.189594797398699555,-0.019607492047980894
9.194097048524261240,-0.019601379207355250
9.198599299649824701,-0.019595270679186812
9.203101550775388162,-0.019589166458600430
9.207603801900949847,-0.019583066540728559
9.212106053026513308,-0.019576970920711308
9.216608304152074993,-0.019570879593696505
9.221110555277638454,-0.019564792554839526
9.225612806403201915,-0.019558709799303471
9.230115057528763600,-0.019552631322258998
9.234617308654327061,-0.019546557118884297
9.239119559779888746,-0.019540487184365293
9.243621810905452207,-0.019534421513895294
9.248124062031015669,-0.019528360102675266
9.252626313156577353,-0.019522302945913731
9.257128564282140815,-0.019516250038826580
9.261630815407704276,-0.019510201376637344
9.266133066533265961,-0.019504156954577009
9.270635317658829422,-0.019498116767883985
9.275137568784391107,-0.019492080811804157
9.279639819909954568,-0.019486049081590916
9.284142071035518029,-0.019480021572504960
9.288644322161079714,-0.019473998279814515
9.293146573286643175,-0.019467979198795081
9.297648824412204860,-0.019461964324729641
9.302151075537768321,-0.019455953652908475
9.306653326663331782,-0.019449947178629298
9.311155577788893467,-0.019443944897197050
9.315657828914456928,-0.019437946803924046
9.320160080040020389,-0.019431952894129953
9.324662331165582074,-0.019425963163141633
9.329164582291145535,-0.019419977606293274
9.333666833416707220,-0.019413996218926408
9.338169084542270681,-0.019408018996389588
9.342671335667834143,-0.019402045934038856
9.347173586793395827,-0.019396077027237349
9.351675837918959289,-0.019390112271355342
9.356178089044522750,-0.019384151661770464
9.360680340170084435,-0.019378195193867354
9.365182591295647896,-0.019372242863037934
9.369684842421209581,-0.019366294664681198
9.374187093546773042,-0.019360350594203303
9.378689344672336503,-0.019354410647017515
9.383191595797898188,-0.019348474818544213
9.387693846923461649,-0.019342543104210883
9.392196098049023334,-0.019336615499452006
9.396698349174586795,-0.019330691999709188
9.401200600300150256,-0.019324772600431073
9.405702851425711941,-0.019318857297073347
9.410205102551275402,-0.019312946085098707
9.414707353676838864,-0.019307038959976854
9.419209604802400548,-0.019301135917184423
9.423711855927964010,-0.019295236952205124
9.428214107053525694,-0.019289342060529555
9.432716358179089156,-0.019283451237655309
9.437218609304652617,-0.019277564479086885
9.441720860430214302,-0.019271681780335677
9.446223111555777763,-0.019265803136920088
9.450725362681339448,-0.019259928544365288
9.455227613806902909,-0.019254057998203428
9.459729864932466370,-0.019248191493973412
9.464232116058028055,-0.019242329027221169
9.468734367183591516,-0.019236470593499241
9.473236618309154977,-0.019230616188367248
9.477738869434716662,-0.019224765807391402
9.482241120560280123,-0.019218919446144799
9.486743371685841808,-0.019213077100207407
9.491245622811405269,-0.019207238765165790
9.495747873936968730,-0.019201404436613369
9.500250125062530415,-0.019195574110150368
9.504752376188093876,-0.019189747781383628
9.509254627313655561,-0.019183925445926769
9.513756878439219022,-0.019178107099400103
9.518259129564782484,-0.019172292737430579
9.522761380690344168,-0.019166482355651961
9.527263631815907630,-0.019160675949704553
9.531765882941471091,-0.019154873515235350
9.536268134067032776,-0.019149075047898010
9.540770385192596237,-0.019143280543352757
9.545272636318157922,-0.019137489997266496
9.549774887443721383,-0.019131703405312676
9.554277138569284844,-0.019125920763171333
9.558779389694846529,-0.019120142066529174
9.563281640820409990,-0.019114367311079371
9.567783891945973451,-0.019108596492521585
9.572286143071535136,-0.019102829606562184
9.576788394197098597,-0.019097066648913967
9.581290645322660282,-0.019091307615296156
9.585792896448223743,-0.019085552501434649
9.590295147573787204,-0.019079801303061673
9.594797398699348889,-0.019074054015916008
9.599299649824912350,-0.019068310635742845
9.603801900950474035,-0.019062571158293899
9.608304152076037496,-0.019056835579327205
9.612806403201600958,-0.019051103894607343
9.617308654327162643,-0.019045376099905205
9.621810905452726104,-0.019039652190998065
9.626313156578289565,-0.019033932163669724
9.630815407703851250,-0.019028216013710155
9.635317658829414711,-0.019022503736915868
9.639819909954976396,-0.019016795329089575
9.644322161080539857,-0.019011090786040446
9.648824412206103318,-0.019005390103583836
9.653326663331665003,-0.018999693277541568
9.657828914457228464,-0.018994000303741626
9.662331165582790149,-0.018988311178018372
9.666833416708353610,-0.018982625896212333
9.671335667833917071,-0.018976944454170419
9.675837918959478756,-0.018971266847745683
9.680340170085042217,-0.018965593072797497
9.684842421210605679,-0.018959923125191375
9.689344672336167363,-0.018954257000799137
9.693846923461730825,-0.018948594695498738
9.698349174587292509,-0.018942936205174284
9.702851425712855971,-0.018937281525716183
9.707353676838419432,-0.018931630653020844
9.711855927963981117,-0.018925983582990982
9.716358179089544578,-0.018920340311535336
9.720860430215106263,-0.018914700834568827
9.725362681340669724,-0.018909065148012490
9.729864932466233185,-0.018903433247793422
9.734367183591794870,-0.018897805129844899
9.738869434717358331,-0.018892180790106180
9.743371685842921792,-0.018886560224522692
9.747873936968483477,-0.018880943429045800
9.752376188094046938,-0.018875330399632954
9.756878439219608623,-0.018869721132247757
9.761380690345172084,-0.018864115622859667
9.765882941470735545,-0.018858513867444218
9.770385192596297230,-0.018852915861982983
9.774887443721860691,-0.018847321602463451
9.779389694847424153,-0.018841731084879132
9.783891945972985837,-0.018836144305229494
9.788394197098549299,-0.018830561259519967
9.792896448224110983,-0.018824981943761879
9.797398699349674445,-0.018819406353972511
9.801900950475237906,-0.018813834486175098
9.806403201600799591,-0.018808266336398715
9.810905452726363052,-0.018802701900678422
9.815407703851924737,-0.018797141175055054
9.819909954977488198,-0.018791584155575376
9.824412206103051659,-0.018786030838292053
9.828914457228613344,-0.018780481219263574
9.833416708354176805,-0.018774935294554197
9.837918959479740266,-0.018769393060234098
9.842421210605301951,-0.018763854512379205
9.846923461730865412,-0.018758319647071364
9.851425712856427097,-0.018752788460398063
9.855927963981990558,-0.018747260948452676
9.860430215107554019,-0.018741737107334320
9.864932466233115704,-0.018736216933147865
9.869434717358679165,-0.018730700422003928
9.873936968484240850,-0.018725187570018963
9.878439219609804312,-0.018719678373314955
9.882941470735367773,-0.018714172828019807
9.887443721860929458,-0.018708670930267002
9.891945972986492919,-0.018703172676195770
9.896448224112056380,-0.018697678061951033
9.900950475237618065,-0.018692187083683347
9.905452726363181526,-0.018686699737548992
9.909954977488743211,-0.018681216019709821
9.914457228614306672,-0.018675735926333405
9.918959479739870133,-0.018670259453592897
9.923461730865431818,-0.018664786597667141
9.927963981990995279,-0.018659317354740454
9.932466233116556964,-0.018653851721002920
9.936968484242120425,-0.018648389692650057
9.941470735367683886,-0.018642931265883112
9.945972986493245571,-0.018637476436908784
9.950475237618809032,-0.018632025201939347
9.954977488744372494,-0.018626577557192721
9.959479739869934178,-0.018621133498892189
9.963981990995497640,-0.018615693023266718
9.968484242121059324,-0.018610256126550706
9.972986493246622786,-0.018604822804984072
9.977488744372186247,-0.018599393054812261
9.981990995497747932,-0.018593966872286132
9.986493246623311393,-0.018588544253662135
9.990995497748874854,-0.018583125195202041
9.995497748874436539,-0.018577709693173173
10.000000000000000000,-0.018572297743848311
