# q/(2k_F),k_F critical
1.000000000000000021e-02,0.000000000000000000e+00
1.250250250250250356e-02,0.000000000000000000e+00
1.500500500500500517e-02,0.000000000000000000e+00
1.750750750750750678e-02,0.000000000000000000e+00
2.001001001001000840e-02,0.000000000000000000e+00
2.251251251251251001e-02,0.000000000000000000e+00
2.501501501501501509e-02,0.000000000000000000e+00
2.751751751751752018e-02,0.000000000000000000e+00
3.002002002002002179e-02,0.000000000000000000e+00
3.252252252252252340e-02,0.000000000000000000e+00
3.502502502502502502e-02,0.000000000000000000e+00
3.752752752752752663e-02,0.000000000000000000e+00
4.003003003003002824e-02,0.000000000000000000e+00
4.253253253253253680e-02,0.000000000000000000e+00
4.503503503503503841e-02,0.000000000000000000e+00
4.753753753753754002e-02,0.000000000000000000e+00
5.004004004004004164e-02,0.000000000000000000e+00
5.254254254254254325e-02,0.000000000000000000e+00
5.504504504504504486e-02,0.000000000000000000e+00
5.754754754754754648e-02,0.000000000000000000e+00
6.005005005005004809e-02,0.000000000000000000e+00
6.255255255255255664e-02,0.000000000000000000e+00
6.505505505505505826e-02,0.000000000000000000e+00
6.755755755755755987e-02,0.000000000000000000e+00
7.006006006006006148e-02,0.000000000000000000e+00
7.256256256256256310e-02,0.000000000000000000e+00
7.506506506506506471e-02,0.000000000000000000e+00
7.756756756756756632e-02,0.000000000000000000e+00
8.007007007007006794e-02,0.000000000000000000e+00
8.257257257257256955e-02,0.000000000000000000e+00
8.507507507507507116e-02,0.000000000000000000e+00
8.757757757757757278e-02,0.000000000000000000e+00
9.008008008008007439e-02,0.000000000000000000e+00
9.258258258258257600e-02,0.000000000000000000e+00
9.508508508508507762e-02,0.000000000000000000e+00
9.758758758758757923e-02,0.000000000000000000e+00
1.000900900900900808e-01,0.000000000000000000e+00
1.025925925925925825e-01,0.000000000000000000e+00
1.050950950950950841e-01,0.000000000000000000e+00
1.075975975975975857e-01,0.000000000000000000e+00
1.101001001001000873e-01,0.000000000000000000e+00
1.126026026026026028e-01,0.000000000000000000e+00
1.151051051051051044e-01,0.000000000000000000e+00
1.176076076076076060e-01,0.000000000000000000e+00
1.201101101101101076e-01,0.000000000000000000e+00
1.226126126126126092e-01,0.000000000000000000e+00
1.251151151151151109e-01,0.000000000000000000e+00
1.276176176176176125e-01,0.000000000000000000e+00
1.301201201201201141e-01,0.000000000000000000e+00
1.326226226226226157e-01,0.000000000000000000e+00
1.351251251251251451e-01,0.000000000000000000e+00
1.376276276276276467e-01,0.000000000000000000e+00
1.401301301301301483e-01,0.000000000000000000e+00
1.426326326326326499e-01,0.000000000000000000e+00
1.451351351351351515e-01,0.000000000000000000e+00
1.476376376376376531e-01,0.000000000000000000e+00
1.501401401401401547e-01,0.000000000000000000e+00
1.526426426426426564e-01,0.000000000000000000e+00
1.551451451451451580e-01,0.000000000000000000e+00
1.576476476476476596e-01,0.000000000000000000e+00
1.601501501501501612e-01,0.000000000000000000e+00
1.626526526526526628e-01,0.000000000000000000e+00
1.651551551551551644e-01,0.000000000000000000e+00
1.676576576576576660e-01,0.000000000000000000e+00
1.701601601601601677e-01,0.000000000000000000e+00
1.726626626626626693e-01,0.000000000000000000e+00
1.751651651651651709e-01,0.000000000000000000e+00
1.776676676676676725e-01,0.000000000000000000e+00
1.801701701701701741e-01,0.000000000000000000e+00
1.826726726726726757e-01,0.000000000000000000e+00
1.851751751751751773e-01,0.000000000000000000e+00
1.876776776776776789e-01,0.000000000000000000e+00
1.901801801801801806e-01,0.000000000000000000e+00
1.926826826826826822e-01,0.000000000000000000e+00
1.951851851851851838e-01,0.000000000000000000e+00
1.976876876876876854e-01,0.000000000000000000e+00
2.001901901901901870e-01,0.000000000000000000e+00
2.026926926926926886e-01,0.000000000000000000e+00
2.051951951951951902e-01,0.000000000000000000e+00
2.076976976976976919e-01,0.000000000000000000e+00
2.102002002002001935e-01,0.000000000000000000e+00
2.127027027027027228e-01,0.000000000000000000e+00
2.152052052052052245e-01,0.000000000000000000e+00
2.177077077077077261e-01,0.000000000000000000e+00
2.202102102102102277e-01,0.000000000000000000e+00
2.227127127127127293e-01,0.000000000000000000e+00
2.252152152152152309e-01,0.000000000000000000e+00
2.277177177177177325e-01,0.000000000000000000e+00
2.302202202202202341e-01,0.000000000000000000e+00
2.327227227227227357e-01,0.000000000000000000e+00
2.352252252252252374e-01,0.000000000000000000e+00
2.377277277277277390e-01,0.000000000000000000e+00
2.402302302302302406e-01,0.000000000000000000e+00
2.427327327327327422e-01,0.000000000000000000e+00
2.452352352352352438e-01,0.000000000000000000e+00
2.477377377377377454e-01,0.000000000000000000e+00
2.502402402402402193e-01,0.000000000000000000e+00
2.527427427427427209e-01,0.000000000000000000e+00
2.552452452452452225e-01,0.000000000000000000e+00
2.577477477477477241e-01,0.000000000000000000e+00
2.602502502502502812e-01,0.000000000000000000e+00
2.627527527527527829e-01,0.000000000000000000e+00
2.652552552552552845e-01,0.000000000000000000e+00
2.677577577577577861e-01,0.000000000000000000e+00
2.702602602602602877e-01,0.000000000000000000e+00
2.727627627627627893e-01,0.000000000000000000e+00
2.752652652652652909e-01,0.000000000000000000e+00
2.777677677677677925e-01,0.000000000000000000e+00
2.802702702702702942e-01,0.000000000000000000e+00
2.827727727727727958e-01,0.000000000000000000e+00
2.852752752752752974e-01,0.000000000000000000e+00
2.877777777777777990e-01,0.000000000000000000e+00
2.902802802802803006e-01,0.000000000000000000e+00
2.927827827827828022e-01,0.000000000000000000e+00
2.952852852852853038e-01,0.000000000000000000e+00
2.977877877877878054e-01,0.000000000000000000e+00
3.002902902902903071e-01,0.000000000000000000e+00
3.027927927927928087e-01,0.000000000000000000e+00
3.052952952952953103e-01,0.000000000000000000e+00
3.077977977977978119e-01,0.000000000000000000e+00
3.103003003003003135e-01,0.000000000000000000e+00
3.128028028028028151e-01,0.000000000000000000e+00
3.153053053053053167e-01,0.000000000000000000e+00
3.178078078078078184e-01,0.000000000000000000e+00
3.203103103103103200e-01,0.000000000000000000e+00
3.228128128128128216e-01,0.000000000000000000e+00
3.253153153153153232e-01,0.000000000000000000e+00
3.278178178178178248e-01,0.000000000000000000e+00
3.303203203203203264e-01,0.000000000000000000e+00
3.328228228228228280e-01,0.000000000000000000e+00
3.353253253253253297e-01,0.000000000000000000e+00
3.378278278278278313e-01,0.000000000000000000e+00
3.403303303303303329e-01,0.000000000000000000e+00
3.428328328328328345e-01,0.000000000000000000e+00
3.453353353353353361e-01,0.000000000000000000e+00
3.478378378378378377e-01,0.000000000000000000e+00
3.503403403403403393e-01,0.000000000000000000e+00
3.528428428428428409e-01,0.000000000000000000e+00
3.553453453453453426e-01,0.000000000000000000e+00
3.578478478478478442e-01,0.000000000000000000e+00
3.603503503503503458e-01,0.000000000000000000e+00
3.628528528528528474e-01,0.000000000000000000e+00
3.653553553553553490e-01,0.000000000000000000e+00
3.678578578578578506e-01,0.000000000000000000e+00
3.703603603603603522e-01,0.000000000000000000e+00
3.728628628628628539e-01,0.000000000000000000e+00
3.753653653653653555e-01,0.000000000000000000e+00
3.778678678678678571e-01,0.000000000000000000e+00
3.803703703703703587e-01,0.000000000000000000e+00
3.828728728728728603e-01,0.000000000000000000e+00
3.853753753753753619e-01,0.000000000000000000e+00
3.878778778778778635e-01,0.000000000000000000e+00
3.903803803803803651e-01,0.000000000000000000e+00
3.928828828828828668e-01,0.000000000000000000e+00
3.953853853853853684e-01,0.000000000000000000e+00
3.978878878878878700e-01,0.000000000000000000e+00
4.003903903903903716e-01,0.000000000000000000e+00
4.028928928928928732e-01,0.000000000000000000e+00
4.053953953953953748e-01,0.000000000000000000e+00
4.078978978978978764e-01,0.000000000000000000e+00
4.104004004004003781e-01,0.000000000000000000e+00
4.129029029029029352e-01,0.000000000000000000e+00
4.154054054054054368e-01,0.000000000000000000e+00
4.179079079079079384e-01,0.000000000000000000e+00
4.204104104104104400e-01,0.000000000000000000e+00
4.229129129129129416e-01,0.000000000000000000e+00
4.254154154154154432e-01,0.000000000000000000e+00
4.279179179179179449e-01,0.000000000000000000e+00
4.304204204204204465e-01,0.000000000000000000e+00
4.329229229229229481e-01,0.000000000000000000e+00
4.354254254254254497e-01,0.000000000000000000e+00
4.379279279279279513e-01,0.000000000000000000e+00
4.404304304304304529e-01,0.000000000000000000e+00
4.429329329329329545e-01,0.000000000000000000e+00
4.454354354354354562e-01,0.000000000000000000e+00
4.479379379379379578e-01,0.000000000000000000e+00
4.504404404404404594e-01,0.000000000000000000e+00
4.529429429429429610e-01,0.000000000000000000e+00
4.554454454454454626e-01,0.000000000000000000e+00
4.579479479479479642e-01,0.000000000000000000e+00
4.604504504504504658e-01,0.000000000000000000e+00
4.629529529529529674e-01,0.000000000000000000e+00
4.654554554554554691e-01,0.000000000000000000e+00
4.679579579579579707e-01,0.000000000000000000e+00
4.704604604604604723e-01,0.000000000000000000e+00
4.729629629629629739e-01,0.000000000000000000e+00
4.754654654654654755e-01,0.000000000000000000e+00
4.779679679679679771e-01,0.000000000000000000e+00
4.804704704704704787e-01,0.000000000000000000e+00
4.829729729729729804e-01,0.000000000000000000e+00
4.854754754754754820e-01,0.000000000000000000e+00
4.879779779779779836e-01,0.000000000000000000e+00
4.904804804804804852e-01,0.000000000000000000e+00
4.929829829829829868e-01,0.000000000000000000e+00
4.954854854854854884e-01,0.000000000000000000e+00
4.979879879879879900e-01,0.000000000000000000e+00
5.004904904904904361e-01,0.000000000000000000e+00
5.029929929929929378e-01,0.000000000000000000e+00
5.054954954954954394e-01,0.000000000000000000e+00
5.079979979979979410e-01,0.000000000000000000e+00
5.105005005005005536e-01,0.000000000000000000e+00
5.130030030030030552e-01,0.000000000000000000e+00
5.155055055055055568e-01,0.000000000000000000e+00
5.180080080080080585e-01,0.000000000000000000e+00
5.205105105105105601e-01,0.000000000000000000e+00
5.230130130130130617e-01,0.000000000000000000e+00
5.255155155155155633e-01,0.000000000000000000e+00
5.280180180180180649e-01,0.000000000000000000e+00
5.305205205205205665e-01,0.000000000000000000e+00
5.330230230230230681e-01,0.000000000000000000e+00
5.355255255255255697e-01,0.000000000000000000e+00
5.380280280280280714e-01,0.000000000000000000e+00
5.405305305305305730e-01,0.000000000000000000e+00
5.430330330330330746e-01,0.000000000000000000e+00
5.455355355355355762e-01,0.000000000000000000e+00
5.480380380380380778e-01,0.000000000000000000e+00
5.505405405405405794e-01,0.000000000000000000e+00
5.530430430430430810e-01,0.000000000000000000e+00
5.555455455455455827e-01,0.000000000000000000e+00
5.580480480480480843e-01,0.000000000000000000e+00
5.605505505505505859e-01,0.000000000000000000e+00
5.630530530530530875e-01,0.000000000000000000e+00
5.655555555555555891e-01,0.000000000000000000e+00
5.680580580580580907e-01,0.000000000000000000e+00
5.705605605605605923e-01,0.000000000000000000e+00
5.730630630630630939e-01,0.000000000000000000e+00
5.755655655655655956e-01,0.000000000000000000e+00
5.780680680680680972e-01,0.000000000000000000e+00
5.805705705705705988e-01,0.000000000000000000e+00
5.830730730730731004e-01,0.000000000000000000e+00
5.855755755755756020e-01,0.000000000000000000e+00
5.880780780780781036e-01,0.000000000000000000e+00
5.905805805805806052e-01,0.000000000000000000e+00
5.930830830830831069e-01,0.000000000000000000e+00
5.955855855855856085e-01,0.000000000000000000e+00
5.980880880880881101e-01,0.000000000000000000e+00
6.005905905905906117e-01,0.000000000000000000e+00
6.030930930930931133e-01,0.000000000000000000e+00
6.055955955955956149e-01,0.000000000000000000e+00
6.080980980980981165e-01,0.000000000000000000e+00
6.106006006006006182e-01,0.000000000000000000e+00
6.131031031031031198e-01,0.000000000000000000e+00
6.156056056056056214e-01,0.000000000000000000e+00
6.181081081081081230e-01,0.000000000000000000e+00
6.206106106106106246e-01,0.000000000000000000e+00
6.231131131131131262e-01,0.000000000000000000e+00
6.256156156156156278e-01,0.000000000000000000e+00
6.281181181181181294e-01,0.000000000000000000e+00
6.306206206206206311e-01,0.000000000000000000e+00
6.331231231231231327e-01,0.000000000000000000e+00
6.356256256256256343e-01,0.000000000000000000e+00
6.381281281281281359e-01,0.000000000000000000e+00
6.406306306306306375e-01,0.000000000000000000e+00
6.431331331331331391e-01,0.000000000000000000e+00
6.456356356356356407e-01,0.000000000000000000e+00
6.481381381381381424e-01,0.000000000000000000e+00
6.506406406406406440e-01,0.000000000000000000e+00
6.531431431431431456e-01,0.000000000000000000e+00
6.556456456456456472e-01,0.000000000000000000e+00
6.581481481481481488e-01,0.000000000000000000e+00
6.606506506506506504e-01,0.000000000000000000e+00
6.631531531531531520e-01,0.000000000000000000e+00
6.656556556556556536e-01,0.000000000000000000e+00
6.681581581581581553e-01,0.000000000000000000e+00
6.706606606606606569e-01,0.000000000000000000e+00
6.731631631631631585e-01,0.000000000000000000e+00
6.756656656656656601e-01,0.000000000000000000e+00
6.781681681681681617e-01,0.000000000000000000e+00
6.806706706706706633e-01,0.000000000000000000e+00
6.831731731731731649e-01,0.000000000000000000e+00
6.856756756756756666e-01,0.000000000000000000e+00
6.881781781781781682e-01,0.000000000000000000e+00
6.906806806806806698e-01,0.000000000000000000e+00
6.931831831831831714e-01,0.000000000000000000e+00
6.956856856856856730e-01,0.000000000000000000e+00
6.981881881881881746e-01,0.000000000000000000e+00
7.006906906906906762e-01,0.000000000000000000e+00
7.031931931931931778e-01,0.000000000000000000e+00
7.056956956956956795e-01,0.000000000000000000e+00
7.081981981981981811e-01,0.000000000000000000e+00
7.107007007007006827e-01,0.000000000000000000e+00
7.132032032032031843e-01,0.000000000000000000e+00
7.157057057057056859e-01,0.000000000000000000e+00
7.182082082082081875e-01,0.000000000000000000e+00
7.207107107107106891e-01,0.000000000000000000e+00
7.232132132132131908e-01,0.000000000000000000e+00
7.257157157157156924e-01,0.000000000000000000e+00
7.282182182182181940e-01,0.000000000000000000e+00
7.307207207207206956e-01,0.000000000000000000e+00
7.332232232232231972e-01,0.000000000000000000e+00
7.357257257257256988e-01,0.000000000000000000e+00
7.382282282282282004e-01,0.000000000000000000e+00
7.407307307307307020e-01,0.000000000000000000e+00
7.432332332332332037e-01,0.000000000000000000e+00
7.457357357357357053e-01,0.000000000000000000e+00
7.482382382382382069e-01,0.000000000000000000e+00
7.507407407407407085e-01,0.000000000000000000e+00
7.532432432432432101e-01,0.000000000000000000e+00
7.557457457457457117e-01,0.000000000000000000e+00
7.582482482482482133e-01,0.000000000000000000e+00
7.607507507507507150e-01,0.000000000000000000e+00
7.632532532532532166e-01,0.000000000000000000e+00
7.657557557557557182e-01,0.000000000000000000e+00
7.682582582582582198e-01,0.000000000000000000e+00
7.707607607607607214e-01,0.000000000000000000e+00
7.732632632632632230e-01,0.000000000000000000e+00
7.757657657657657246e-01,0.000000000000000000e+00
7.782682682682682263e-01,0.000000000000000000e+00
7.807707707707707279e-01,0.000000000000000000e+00
7.832732732732732295e-01,0.000000000000000000e+00
7.857757757757757311e-01,0.000000000000000000e+00
7.882782782782782327e-01,0.000000000000000000e+00
7.907807807807807343e-01,0.000000000000000000e+00
7.932832832832832359e-01,0.000000000000000000e+00
7.957857857857857375e-01,0.000000000000000000e+00
7.982882882882882392e-01,0.000000000000000000e+00
8.007907907907907408e-01,0.000000000000000000e+00
8.032932932932932424e-01,0.000000000000000000e+00
8.057957957957957440e-01,0.000000000000000000e+00
8.082982982982982456e-01,0.000000000000000000e+00
8.108008008008007472e-01,0.000000000000000000e+00
8.133033033033033599e-01,0.000000000000000000e+00
8.158058058058058615e-01,0.000000000000000000e+00
8.183083083083083631e-01,0.000000000000000000e+00
8.208108108108108647e-01,0.000000000000000000e+00
8.233133133133133663e-01,0.000000000000000000e+00
8.258158158158158679e-01,0.000000000000000000e+00
8.283183183183183695e-01,0.000000000000000000e+00
8.308208208208208712e-01,0.000000000000000000e+00
8.333233233233233728e-01,0.000000000000000000e+00
8.358258258258258744e-01,4.218559652148684861e-04
8.383283283283283760e-01,7.040308758386069551e-04
8.408308308308308776e-01,1.031247621995211305e-03
8.433333333333333792e-01,1.395350009531044202e-03
8.458358358358358808e-01,1.790248379215683520e-03
8.483383383383383824e-01,2.211186003957230778e-03
8.508408408408408841e-01,2.654319315528684380e-03
8.533433433433433857e-01,3.116460268732160373e-03
8.558458458458458873e-01,3.594909588093580643e-03
8.583483483483483889e-01,4.087343763510899695e-03
8.608508508508508905e-01,4.591735817986867044e-03
8.633533533533533921e-01,5.106297635479163308e-03
8.658558558558558937e-01,5.629437492591433945e-03
8.683583583583583954e-01,6.159727113037529247e-03
8.708608608608608970e-01,6.695876708196764164e-03
8.733633633633633986e-01,7.236714720848113833e-03
8.758658658658659002e-01,7.781171852988229450e-03
8.783683683683684018e-01,8.328267794484874031e-03
8.808708708708709034e-01,8.877100466301289863e-03
8.833733733733734050e-01,9.426836893535078463e-03
8.858758758758759067e-01,9.976705568573137131e-03
8.883783783783784083e-01,1.052598974556921696e-02
8.908808808808809099e-01,1.107402203877301018e-02
8.933833833833834115e-01,1.162017911399157270e-02
8.958858858858859131e-01,1.216387787016676159e-02
8.983883883883884147e-01,1.270457124842372040e-02
9.008908908908909163e-01,1.324174497244188890e-02
9.033933933933934179e-01,1.377491447509054077e-02
9.058958958958959196e-01,1.430362238385785717e-02
9.083983983983984212e-01,1.482743563375096829e-02
9.109009009009009228e-01,1.534594351151857827e-02
9.134034034034034244e-01,1.585875560674131560e-02
9.159059059059059260e-01,1.636549920412854603e-02
9.184084084084084276e-01,1.686581891098934416e-02
9.209109109109109292e-01,1.735937293194224351e-02
9.234134134134134309e-01,1.784583325517975078e-02
9.259159159159159325e-01,1.832488285850063930e-02
9.284184184184184341e-01,1.879621515051639949e-02
9.309209209209209357e-01,1.925953136294809853e-02
9.334234234234234373e-01,1.971453999183277878e-02
9.359259259259259389e-01,2.016095474861388445e-02
9.384284284284284405e-01,2.059849307002509233e-02
9.409309309309309421e-01,2.102687462797424994e-02
9.434334334334334438e-01,2.144581928063370863e-02
9.459359359359359454e-01,2.185504595485326940e-02
9.484384384384384470e-01,2.225426947966342717e-02
9.509409409409409486e-01,2.264319909615930201e-02
9.534434434434434502e-01,2.302153584979742956e-02
9.559459459459459518e-01,2.338896867884099340e-02
9.584484484484484534e-01,2.374517236545019977e-02
9.609509509509509551e-01,2.408980194774685418e-02
9.634534534534534567e-01,2.442248862199509693e-02
9.659559559559559583e-01,2.474283303707893247e-02
9.684584584584584599e-01,2.505039598127655615e-02
9.709609609609609615e-01,2.534469018662180786e-02
9.734634634634634631e-01,2.562516505521407473e-02
9.759659659659659647e-01,2.589118840529603532e-02
9.784684684684684663e-01,2.614202002169278838e-02
9.809709709709709680e-01,2.637677365785118591e-02
9.834734734734734696e-01,2.659435892131178231e-02
9.859759759759759712e-01,2.679339074915543933e-02
9.884784784784784728e-01,2.697202959305119996e-02
9.909809809809809744e-01,2.712768972902874012e-02
9.934834834834834760e-01,2.725640595813403483e-02
9.959859859859859776e-01,2.735117510720503492e-02
9.984884884884884793e-01,2.739529595494268749e-02
1.000990990990990870e+00,2.732608713994092234e-02
1.003493493493493371e+00,2.732617617437816532e-02
1.005995995995995873e+00,2.735862233496622054e-02
1.008498498498498375e+00,2.740402952543107007e-02
1.011001001001001098e+00,2.745574698506938680e-02
1.013503503503503600e+00,2.751043797139419642e-02
1.016006006006006102e+00,2.756614149161199998e-02
1.018508508508508603e+00,2.762159467232425114e-02
1.021011011011011105e+00,2.767593771653866636e-02
1.023513513513513606e+00,2.772856340194265745e-02
1.026016016016016108e+00,2.777903139922736214e-02
1.028518518518518610e+00,2.782701537296589089e-02
1.031021021021021111e+00,2.787227466940737225e-02
1.033523523523523613e+00,2.791462823944510993e-02
1.036026026026026114e+00,2.795394271768775196e-02
1.038528528528528616e+00,2.799011975647239941e-02
1.041031031031031118e+00,2.802308857528410663e-02
1.043533533533533619e+00,2.805280223546556539e-02
1.046036036036036121e+00,2.807922944457857950e-02
1.048538538538538623e+00,2.810235455640405430e-02
1.051041041041041124e+00,2.812217421818076490e-02
1.053543543543543626e+00,2.813869327278605004e-02
1.056046046046046127e+00,2.815192550379386205e-02
1.058548548548548629e+00,2.816189065524259474e-02
1.061051051051051131e+00,2.816861405910602370e-02
1.063553553553553632e+00,2.817212700782234167e-02
1.066056056056056134e+00,2.817246228394584828e-02
1.068558558558558635e+00,2.816965714037916041e-02
1.071061061061061137e+00,2.816375181025709135e-02
1.073563563563563639e+00,2.815478727177251825e-02
1.076066066066066140e+00,2.814280822840857857e-02
1.078568568568568642e+00,2.812785938364839589e-02
1.081071071071071144e+00,2.810998693109122148e-02
1.083573573573573645e+00,2.808923892698141772e-02
1.086076076076076147e+00,2.806566305503432890e-02
1.088578578578578648e+00,2.803930811655238123e-02
1.091081081081081150e+00,2.801022291283799398e-02
1.093583583583583652e+00,2.797845810783871831e-02
1.096086086086086153e+00,2.794406175779892004e-02
1.098588588588588655e+00,2.790708452666616074e-02
1.101091091091091156e+00,2.786757633332993464e-02
1.103593593593593658e+00,2.782558635162168947e-02
1.106096096096096160e+00,2.778116450043092989e-02
1.108598598598598661e+00,2.773435920853105363e-02
1.111101101101101163e+00,2.768522113986959798e-02
1.113603603603603664e+00,2.763379723310386421e-02
1.116106106106106166e+00,2.758013740712336043e-02
1.118608608608608668e+00,2.752428897311438860e-02
1.121111111111111169e+00,2.746629961479230692e-02
1.123613613613613671e+00,2.740621701587245274e-02
1.126116116116116173e+00,2.734408736995405653e-02
1.128618618618618674e+00,2.727995724316539805e-02
1.131121121121121176e+00,2.721387208404765085e-02
1.133623623623623677e+00,2.714587808620006273e-02
1.136126126126126179e+00,2.707601958057674618e-02
1.138628628628628681e+00,2.700434052560276785e-02
1.141131131131131182e+00,2.693088525223225060e-02
1.143633633633633684e+00,2.685569660130319308e-02
1.146136136136136185e+00,2.677881741365359392e-02
1.148638638638638687e+00,2.670028978506341563e-02
1.151141141141141189e+00,2.662015543878357149e-02
1.153643643643643690e+00,2.653845535300694905e-02
1.156146146146146192e+00,2.645523013339738660e-02
1.158648648648648694e+00,2.637051926803164748e-02
1.161151151151151195e+00,2.628436299004456231e-02
1.163653653653653697e+00,2.619679929739679100e-02
1.166156156156156198e+00,2.610786693310705037e-02
1.168658658658658700e+00,2.601760389513601071e-02
1.171161161161161202e+00,2.592604669132822157e-02
1.173663663663663703e+00,2.583323257458629979e-02
1.176166166166166205e+00,2.573919730769676575e-02
1.178668668668668706e+00,2.564397702597512665e-02
1.181171171171171208e+00,2.554760637462083137e-02
1.183673673673673710e+00,2.545011999883331141e-02
1.186176176176176211e+00,2.535155179875392406e-02
1.188678678678678713e+00,2.525193530199503975e-02
1.191181181181181215e+00,2.515130403616900462e-02
1.193683683683683716e+00,2.504969003877205447e-02
1.196186186186186218e+00,2.494712497477142438e-02
1.198688688688688719e+00,2.484364088166335360e-02
1.201191191191191221e+00,2.473926867935700644e-02
1.203693693693693723e+00,2.463403854270350760e-02
1.206196196196196224e+00,2.452798101908298598e-02
1.208698698698698726e+00,2.442112553828851979e-02
1.211201201201201227e+00,2.431350041252608452e-02
1.213703703703703729e+00,2.420513544411777990e-02
1.216206206206206231e+00,2.409605820021152450e-02
1.218708708708708732e+00,2.398629624795526119e-02
1.221211211211211234e+00,2.387587715449692935e-02
1.223713713713713735e+00,2.376482736939736218e-02
1.226216216216216237e+00,2.365317334221743104e-02
1.228718718718718739e+00,2.354094152251798994e-02
1.231221221221221240e+00,2.342815686974378253e-02
1.233723723723723742e+00,2.331484471586858787e-02
1.236226226226226244e+00,2.320102964780813154e-02
1.238728728728728745e+00,2.308673587994910376e-02
1.241231231231231247e+00,2.297198762667821553e-02
1.243733733733733748e+00,2.285680761226605365e-02
1.246236236236236250e+00,2.274121930604125832e-02
1.248738738738738752e+00,2.262524543227443369e-02
1.251241241241241253e+00,2.250890797017810613e-02
1.253743743743743755e+00,2.239222927149386172e-02
1.256246246246246256e+00,2.227523019784714495e-02
1.258748748748748758e+00,2.215793272845051343e-02
1.261251251251251260e+00,2.204035697987136166e-02
1.263753753753753761e+00,2.192252344120613344e-02
1.266256256256256263e+00,2.180445222902224756e-02
1.268758758758758765e+00,2.168616308735808046e-02
1.271261261261261266e+00,2.156767538772298362e-02
1.273763763763763768e+00,2.144900812909730434e-02
1.276266266266266269e+00,2.133017993793234063e-02
1.278768768768768771e+00,2.121120906815036899e-02
1.281271271271271273e+00,2.109211340114464442e-02
1.283773773773773774e+00,2.097291081830842188e-02
1.286276276276276276e+00,2.085361882850594178e-02
1.288778778778778777e+00,2.073425419554335986e-02
1.291281281281281279e+00,2.061483331069783459e-02
1.293783783783783781e+00,2.049537331030456405e-02
1.296286286286286282e+00,2.037588984058265329e-02
1.298788788788788784e+00,2.025639854775119694e-02
1.301291291291291286e+00,2.013691545055830770e-02
1.303793793793793787e+00,2.001745545016503369e-02
1.306296296296296289e+00,1.989803307520340500e-02
1.308798798798798790e+00,1.977866359936348434e-02
1.311301301301301292e+00,1.965936117874826639e-02
1.313803803803803794e+00,1.954013996946073889e-02
1.316306306306306295e+00,1.942101338254585002e-02
1.318808808808808797e+00,1.930199482904854102e-02
1.321311311311311298e+00,1.918309809254276424e-02
1.323813813813813800e+00,1.906433621154444980e-02
1.326316316316316302e+00,1.894572110698241815e-02
1.328818818818818803e+00,1.882726618990162790e-02
1.331321321321321305e+00,1.870898300870187797e-02
1.333823823823823806e+00,1.859088385684102770e-02
1.336326326326326308e+00,1.847297991018987187e-02
1.338828828828828810e+00,1.835528346220625245e-02
1.341331331331331311e+00,1.823780531623195311e-02
1.343833833833833813e+00,1.812055627560871587e-02
1.346336336336336315e+00,1.800354751620731469e-02
1.348838838838838816e+00,1.788678909631148325e-02
1.351341341341341318e+00,1.777029181926294971e-02
1.353843843843843819e+00,1.765406499828738734e-02
1.356346346346346321e+00,1.753811906419751668e-02
1.358848848848848823e+00,1.742246370274802558e-02
1.361351351351351324e+00,1.730710785463552420e-02
1.363853853853853826e+00,1.719206120561472470e-02
1.366356356356356327e+00,1.707733195132415949e-02
1.368858858858858829e+00,1.696292977751853379e-02
1.371361361361361331e+00,1.684886287983641817e-02
1.373863863863863832e+00,1.673513908138735823e-02
1.376366366366366334e+00,1.662176732286798839e-02
1.378868868868868836e+00,1.650875542738785423e-02
1.381371371371371337e+00,1.639611047299843055e-02
1.383873873873873839e+00,1.628384065533832609e-02
1.386376376376376340e+00,1.617195342498804408e-02
1.388878878878878842e+00,1.606045548747005516e-02
1.391381381381381344e+00,1.594935429336489380e-02
1.393883883883883845e+00,1.583865617566598133e-02
1.396386386386386347e+00,1.572836802616033383e-02
1.398888888888888848e+00,1.561849636410587300e-02
1.401391391391391350e+00,1.550904733623155451e-02
1.403893893893893852e+00,1.540002708926629590e-02
1.406396396396396353e+00,1.529144158367452822e-02
1.408898898898898855e+00,1.518329677992065301e-02
1.411401401401401356e+00,1.507559789341105308e-02
1.413903903903903858e+00,1.496835013955207655e-02
1.416406406406406360e+00,1.486155947880815620e-02
1.418908908908908861e+00,1.475523075405662035e-02
1.421411411411411363e+00,1.464936880817481989e-02
1.423913913913913865e+00,1.454397811151105988e-02
1.426416416416416366e+00,1.443906387947170925e-02
1.428918918918918868e+00,1.433463058240508174e-02
1.431421421421421369e+00,1.423068194560143593e-02
1.433923923923923871e+00,1.412722281193811401e-02
1.436426426426426373e+00,1.402425690670537455e-02
1.438928928928928874e+00,1.392178795519347957e-02
1.441431431431431376e+00,1.381982005522172131e-02
1.443933933933933877e+00,1.371835655955132641e-02
1.446436436436436379e+00,1.361740119347256035e-02
1.448938938938938881e+00,1.351695693721763521e-02
1.451441441441441382e+00,1.341702751607680780e-02
1.453943943943943884e+00,1.331761553775326345e-02
1.456446446446446386e+00,1.321872416874372153e-02
1.458948948948948887e+00,1.312035620301587983e-02
1.461451451451451389e+00,1.302251406200841122e-02
1.463953953953953890e+00,1.292520091221802808e-02
1.466456456456456392e+00,1.282841843002535676e-02
1.468958958958958894e+00,1.273216940939809333e-02
1.471461461461461395e+00,1.263645589924587351e-02
1.473963963963963897e+00,1.254128032100737533e-02
1.476466466466466398e+00,1.244664416479870223e-02
1.478968968968968900e+00,1.235254929326497567e-02
1.481471471471471402e+00,1.225899794158036987e-02
1.483973973973973903e+00,1.216599122733194767e-02
1.486476476476476405e+00,1.207353101316484267e-02
1.488978978978978907e+00,1.198161841666613506e-02
1.491481481481481408e+00,1.189025492795193172e-02
1.493983983983983910e+00,1.179944166460931282e-02
1.496486486486486411e+00,1.170917974422534813e-02
1.498988988988988913e+00,1.161947028438712302e-02
1.501491491491491415e+00,1.153031403015268228e-02
1.503993993993993916e+00,1.144171172658009147e-02
1.506496496496496418e+00,1.135366430499189921e-02
1.508998998998998919e+00,1.126617232418165859e-02
1.511501501501501421e+00,1.117923634294290362e-02
1.514004004004003923e+00,1.109285654754014680e-02
1.516506506506506424e+00,1.100703331050241311e-02
1.519009009009008926e+00,1.092176719062324178e-02
1.521511511511511427e+00,1.083705818790263800e-02
1.524014014014013929e+00,1.075290630234059484e-02
1.526516516516516431e+00,1.066931153393711751e-02
1.529019019019018932e+00,1.058627406895671849e-02
1.531521521521521434e+00,1.050379334860584990e-02
1.534024024024023936e+00,1.042186918662001485e-02
1.536526526526526437e+00,1.034050176926371023e-02
1.539029029029028939e+00,1.025968997894987148e-02
1.541531531531531440e+00,1.017943381567848818e-02
1.544034034034033942e+00,1.009973253439151383e-02
1.546536536536536444e+00,1.002058576255991651e-02
1.549039039039038945e+00,9.941992568861138940e-03
1.551541541541541447e+00,9.863952208237124208e-03
1.554044044044043948e+00,9.786463749365306372e-03
1.556546546546546450e+00,9.709526633452146213e-03
1.559049049049048952e+00,9.633139742910568765e-03
1.561551551551551453e+00,9.557301960153495590e-03
1.564054054054053955e+00,9.482012353858353809e-03
1.566556556556556457e+00,9.407269620173562899e-03
1.569059059059058958e+00,9.333072641512037484e-03
1.571561561561561460e+00,9.259420300286699129e-03
1.574064064064063961e+00,9.186311106381447877e-03
1.576566566566566463e+00,9.113743569680176834e-03
1.579069069069068965e+00,9.041716572595805829e-03
1.581571571571571466e+00,8.970228252483201242e-03
1.584074074074073968e+00,8.899277491755293312e-03
1.586576576576576469e+00,8.828862427766946686e-03
1.589079079079078971e+00,8.758981384137543708e-03
1.591581581581581473e+00,8.689632870750980953e-03
1.594084084084083974e+00,8.620815024962126538e-03
1.596586586586586476e+00,8.552526170390368013e-03
1.599089089089088978e+00,8.484764444390570023e-03
1.601591591591591479e+00,8.417527798053082988e-03
1.604094094094093981e+00,8.350814554997303130e-03
1.606596596596596482e+00,8.284622666313572192e-03
1.609099099099098984e+00,8.218950083092257941e-03
1.611601601601601486e+00,8.153794942688223288e-03
1.614104104104104209e+00,8.089155009927320034e-03
1.616606606606606711e+00,8.025028235899893392e-03
1.619109109109109212e+00,7.961412571696305923e-03
1.621611611611611714e+00,7.898305595877884791e-03
1.624114114114114216e+00,7.835705259534989087e-03
1.626616616616616717e+00,7.773609141228947708e-03
1.629119119119119219e+00,7.712015378314632241e-03
1.631621621621621721e+00,7.650921176824344860e-03
1.634124124124124222e+00,7.590324487848438585e-03
1.636626626626626724e+00,7.530222703683737626e-03
1.639129129129129225e+00,7.470613775420592399e-03
1.641631631631631727e+00,7.411494909091310285e-03
1.644134134134134229e+00,7.352863869521733542e-03
1.646636636636636730e+00,7.294718049008679442e-03
1.649139139139139232e+00,7.237055026113476883e-03
1.651641641641641733e+00,7.179872193132944870e-03
1.654144144144144235e+00,7.123167128628412302e-03
1.656646646646646737e+00,7.066937224896696450e-03
1.659149149149149238e+00,7.011179687970104692e-03
1.661651651651651740e+00,6.955892282674474084e-03
1.664154154154154241e+00,6.901072028777601244e-03
1.666656656656656743e+00,6.846716318576299976e-03
1.669159159159159245e+00,6.792822730631902645e-03
1.671661661661661746e+00,6.739388284712198932e-03
1.674164164164164248e+00,6.686410559378519469e-03
1.676666666666666750e+00,6.633886574398653938e-03
1.679169169169169251e+00,6.581813722069422209e-03
1.681671671671671753e+00,6.530189208423127327e-03
1.684174174174174254e+00,6.479010239492072332e-03
1.686676676676676756e+00,6.428274207573076229e-03
1.689179179179179258e+00,6.377978318698439460e-03
1.691681681681681759e+00,6.328119592635956907e-03
1.694184184184184261e+00,6.278695421682446709e-03
1.696686686686686762e+00,6.229702825605695077e-03
1.699189189189189264e+00,6.181139010438008521e-03
1.701691691691691766e+00,6.133001275343948067e-03
1.704194194194194267e+00,6.085286733223561374e-03
1.706696696696696769e+00,6.037992403844638992e-03
1.709199199199199271e+00,5.991115679503998190e-03
1.711701701701701772e+00,5.944653486837172401e-03
1.714204204204204274e+00,5.898602938744211890e-03
1.716706706706706775e+00,5.852961427521931326e-03
1.719209209209209277e+00,5.807725972938122122e-03
1.721711711711711779e+00,5.762893687892832809e-03
1.724214214214214280e+00,5.718461685286110180e-03
1.726716716716716782e+00,5.674427078018002765e-03
1.729219219219219283e+00,5.630786978988555624e-03
1.731721721721721785e+00,5.587538594230077003e-03
1.734224224224224287e+00,5.544678943510353113e-03
1.736726726726726788e+00,5.502205232861693933e-03
1.739229229229229290e+00,5.460114482051883072e-03
1.741731731731731792e+00,5.418404083377743874e-03
1.744234234234234293e+00,5.377070870342550921e-03
1.746736736736736795e+00,5.336112048978608989e-03
1.749239239239239296e+00,5.295524825318224590e-03
1.751741741741741798e+00,5.255306405393699899e-03
1.754244244244244300e+00,5.215453622708312101e-03
1.756746746746746801e+00,5.175964055823391828e-03
1.759249249249249303e+00,5.136834538242217134e-03
1.761751751751751804e+00,5.098062275997092795e-03
1.764254254254254306e+00,5.059644475120321852e-03
1.766756756756756808e+00,5.021578248511954570e-03
1.769259259259259309e+00,4.983860895336547636e-03
1.771761761761761811e+00,4.946489528494152181e-03
1.774264264264264312e+00,4.909461260884812397e-03
1.776766766766766814e+00,4.872773391673091911e-03
1.779269269269269316e+00,4.836423033759035782e-03
1.781771771771771817e+00,4.800407486307205901e-03
1.784274274274274319e+00,4.764723862217650797e-03
1.786776776776776821e+00,4.729369553787185140e-03
1.789279279279279322e+00,4.694341580783602079e-03
1.791781781781781824e+00,4.659637335503718884e-03
1.794284284284284325e+00,4.625254023979836863e-03
1.796786786786786827e+00,4.591189038508775890e-03
1.799289289289289329e+00,4.557439398858328244e-03
1.801791791791791830e+00,4.524002590457563977e-03
1.804294294294294332e+00,4.490875819338787864e-03
1.806796796796796833e+00,4.458056477798819778e-03
1.809299299299299335e+00,4.425541771869961893e-03
1.811801801801801837e+00,4.393329186981287729e-03
1.814304304304304338e+00,4.361415929165101193e-03
1.816806806806806840e+00,4.329799390718218691e-03
1.819309309309309342e+00,4.298476870805206448e-03
1.821811811811811843e+00,4.267445854855129311e-03
1.824314314314314345e+00,4.236703828297067737e-03
1.826816816816816846e+00,4.206247904031066784e-03
1.829319319319319348e+00,4.176075753750712466e-03
1.831821821821821850e+00,4.146184676620567541e-03
1.834324324324324351e+00,4.116572251201959173e-03
1.836826826826826853e+00,4.087235776659453590e-03
1.839329329329329354e+00,4.058172831554373618e-03
1.841831831831831856e+00,4.029380808183540864e-03
1.844334334334334358e+00,4.000857378240543077e-03
1.846836836836836859e+00,3.972599840889938679e-03
1.849339339339339361e+00,3.944605867825312813e-03
1.851841841841841863e+00,3.916872944475742468e-03
1.854344344344344364e+00,3.889398742534812790e-03
1.856846846846846866e+00,3.862180654299341050e-03
1.859349349349349367e+00,3.835216351462914994e-03
1.861851851851851869e+00,3.808503412586863954e-03
1.864354354354354371e+00,3.782039602497030625e-03
1.866856856856856872e+00,3.755822313490232711e-03
1.869359359359359374e+00,3.729849403524570454e-03
1.871861861861861875e+00,3.704118358029117371e-03
1.874364364364364377e+00,3.678627034961972839e-03
1.876866866866866879e+00,3.653373012884467488e-03
1.879369369369369380e+00,3.628354056622444448e-03
1.881871871871871882e+00,3.603567837869489730e-03
1.884374374374374383e+00,3.579012121451448630e-03
1.886876876876876885e+00,3.554684672194161673e-03
1.889379379379379387e+00,3.530583348055730836e-03
1.891881881881881888e+00,3.506705820729742566e-03
1.894384384384384390e+00,3.483049855042038689e-03
1.896886886886886892e+00,3.459613402082977428e-03
1.899389389389389393e+00,3.436394319810657291e-03
1.901891891891891895e+00,3.413390279918666025e-03
1.904394394394394396e+00,3.390599326629614631e-03
1.906896896896896898e+00,3.368019317901605088e-03
1.909399399399399400e+00,3.345648018560479654e-03
1.911901901901901901e+00,3.323483565961108180e-03
1.914404404404404403e+00,3.301523724929333360e-03
1.916906906906906904e+00,3.279766446555511684e-03
1.919409409409409406e+00,3.258209868194512568e-03
1.921911911911911908e+00,3.236851754672179574e-03
1.924414414414414409e+00,3.215690243343381251e-03
1.926916916916916911e+00,3.194723378430732504e-03
1.929419419419419413e+00,3.173949111024586354e-03
1.931921921921921914e+00,3.153365485347558572e-03
1.934424424424424416e+00,3.132970545622261460e-03
1.936926926926926917e+00,3.112762429203564003e-03
1.939429429429429419e+00,3.092739273446334751e-03
1.941931931931931921e+00,3.072899122573188174e-03
1.944434434434434422e+00,3.053240067372864699e-03
1.946936936936936924e+00,3.033760291766360133e-03
1.949439439439439425e+00,3.014458072806931732e-03
1.951941941941941927e+00,2.995331408151063243e-03
1.954444444444444429e+00,2.976378528285879895e-03
1.956946946946946930e+00,2.957597756830764903e-03
1.959449449449449432e+00,2.938987231140585514e-03
1.961951951951951933e+00,2.920545181702471297e-03
1.964454454454454435e+00,2.902269839003544880e-03
1.966956956956956937e+00,2.884159526663190344e-03
1.969459459459459438e+00,2.866212568300790034e-03
1.971961961961961940e+00,2.848427194403468747e-03
1.974464464464464442e+00,2.830801728590611431e-03
1.976966966966966943e+00,2.813334541047725519e-03
1.979469469469469445e+00,2.796023908828067402e-03
1.981971971971971946e+00,2.778868295249404662e-03
1.984474474474474448e+00,2.761866070497246469e-03
1.986976976976976950e+00,2.745015558190976902e-03
1.989479479479479451e+00,2.728315175082233687e-03
1.991981981981981953e+00,2.711763384488783540e-03
1.994484484484484454e+00,2.695358649728395346e-03
1.996986986986986956e+00,2.679099340986579141e-03
1.999489489489489458e+00,2.662983968147230197e-03
2.001991991991991959e+00,2.647010994528116098e-03
2.004494494494494461e+00,2.631179023145388367e-03
2.006996996996996963e+00,2.615486470750686895e-03
2.009499499499499464e+00,2.599931847227906524e-03
2.012002002002001966e+00,2.584513755593199642e-03
2.014504504504504467e+00,2.569230752296589211e-03
2.017007007007006969e+00,2.554081300655844117e-03
2.019509509509509471e+00,2.539064143385499385e-03
2.022012012012011972e+00,2.524177743803323465e-03
2.024514514514514474e+00,2.509420844623853550e-03
2.027017017017016975e+00,2.494792002297110869e-03
2.029519519519519477e+00,2.480289819839250846e-03
2.032022022022021979e+00,2.465912993398679514e-03
2.034524524524524480e+00,2.451660219123807244e-03
2.037027027027026982e+00,2.437530100030784689e-03
2.039529529529529484e+00,2.423521425400278033e-03
2.042032032032031985e+00,2.409632798248437929e-03
2.044534534534534487e+00,2.395863100988187677e-03
2.047037037037036988e+00,2.382210890069550672e-03
2.049539539539539490e+00,2.368675001339319054e-03
2.052042042042041992e+00,2.355254224078159007e-03
2.054544544544544493e+00,2.341947254434479601e-03
2.057047047047046995e+00,2.328752928255072973e-03
2.059549549549549496e+00,2.315670081386732998e-03
2.062052052052051998e+00,2.302697456543996869e-03
2.064554554554554500e+00,2.289833889573657591e-03
2.067057057057057001e+00,2.277078262888635862e-03
2.069559559559559503e+00,2.264429365769599599e-03
2.072062062062062004e+00,2.251886127195595021e-03
2.074564564564564506e+00,2.239447383013418169e-03
2.077067067067067008e+00,2.227112015635989740e-03
2.079569569569569509e+00,2.214878907476231298e-03
2.082072072072072011e+00,2.202747034079321521e-03
2.084574574574574513e+00,2.190715277858181539e-03
2.087077077077077014e+00,2.178782521225733782e-03
2.089579579579579516e+00,2.166947832859412310e-03
2.092082082082082017e+00,2.155210048606009694e-03
2.094584584584584519e+00,2.143568190576834037e-03
2.097087087087087021e+00,2.132021234317061850e-03
2.099589589589589522e+00,2.120568155371873546e-03
2.102092092092092024e+00,2.109207975852573323e-03
2.104594594594594525e+00,2.097939717870467985e-03
2.107097097097097027e+00,2.086762356970735775e-03
2.109599599599599529e+00,2.075674961830812487e-03
2.112102102102102030e+00,2.064676601128133046e-03
2.114604604604604532e+00,2.053766343540128908e-03
2.117107107107107034e+00,2.042943164611981787e-03
2.119609609609609535e+00,2.032206179587253865e-03
2.122112112112112037e+00,2.021554503709507324e-03
2.124614614614614538e+00,2.010987252222305646e-03
2.127117117117117040e+00,2.000503447236953898e-03
2.129619619619619542e+00,1.990102343695402103e-03
2.132122122122122043e+00,1.979782917142827638e-03
2.134624624624624545e+00,1.969544375955048932e-03
2.137127127127127046e+00,1.959385881941758459e-03
2.139629629629629548e+00,1.949306596912645873e-03
2.142132132132132050e+00,1.939305636111276175e-03
2.144634634634634551e+00,1.929382207913467578e-03
2.147137137137137053e+00,1.919535520695040028e-03
2.149639639639639555e+00,1.909764736265684481e-03
2.152142142142142056e+00,1.900069063001220450e-03
2.154644644644644558e+00,1.890447709277467666e-03
2.157147147147147059e+00,1.880899883470245207e-03
2.159649649649649561e+00,1.871424887087629703e-03
2.162152152152152063e+00,1.862021881939312107e-03
2.164654654654654564e+00,1.852690169533368399e-03
2.167157157157157066e+00,1.843428958245618091e-03
2.169659659659659567e+00,1.834237549584137161e-03
2.172162162162162069e+00,1.825115198490873244e-03
2.174664664664664571e+00,1.816061253040030877e-03
2.177167167167167072e+00,1.807074875041301014e-03
2.179669669669669574e+00,1.798155459135016747e-03
2.182172172172172075e+00,1.789302306829253187e-03
2.184674674674674577e+00,1.780514719632087395e-03
2.187177177177177079e+00,1.771792045617723256e-03
2.189679679679679580e+00,1.763133586294236528e-03
2.192182182182182082e+00,1.754538643169703191e-03
2.194684684684684584e+00,1.746006610884455901e-03
2.197187187187187085e+00,1.737536884078827969e-03
2.199689689689689587e+00,1.729128764260894503e-03
2.202192192192192088e+00,1.720781646070987944e-03
2.204694694694694590e+00,1.712494877583313480e-03
2.207197197197197092e+00,1.704267853438203115e-03
2.209699699699699593e+00,1.696100014842117417e-03
2.212202202202202095e+00,1.687990663303133012e-03
2.214704704704704596e+00,1.679939333159966713e-03
2.217207207207207098e+00,1.671945325920694714e-03
2.219709709709709600e+00,1.664008129357906138e-03
2.222212212212212101e+00,1.656127091545805735e-03
2.224714714714714603e+00,1.648301746823109884e-03
2.227217217217217105e+00,1.640531489830151894e-03
2.229719719719719606e+00,1.632815761773392330e-03
2.232222222222222108e+00,1.625154003859291974e-03
2.234724724724724609e+00,1.617545703860439948e-03
2.237227227227227111e+00,1.609990302983297251e-03
2.239729729729729613e+00,1.602487335566581128e-03
2.242232232232232114e+00,1.595036196250623588e-03
2.244734734734734616e+00,1.587636419374142960e-03
2.247237237237237117e+00,1.580287446143599592e-03
2.249739739739739619e+00,1.572988857463839072e-03
2.252242242242242121e+00,1.565740094541321747e-03
2.254744744744744622e+00,1.558540691714765947e-03
2.257247247247247124e+00,1.551390136756760144e-03
2.259749749749749625e+00,1.544287964006021367e-03
2.262252252252252127e+00,1.537233707801267729e-03
2.264754754754754629e+00,1.530226902481216476e-03
2.267257257257257130e+00,1.523267082384584204e-03
2.269759759759759632e+00,1.516353828416217150e-03
2.272262262262262134e+00,1.509486581782576529e-03
2.274764764764764635e+00,1.502665016520763524e-03
2.277267267267267137e+00,1.495888620403367907e-03
2.279769769769769638e+00,1.489156974335234616e-03
2.282272272272272140e+00,1.482469659221210536e-03
2.284774774774774642e+00,1.475826209400011614e-03
2.287277277277277143e+00,1.469226298908740333e-03
2.289779779779779645e+00,1.462669415519986466e-03
2.292282282282282146e+00,1.456155186704723072e-03
2.294784784784784648e+00,1.449683193367796823e-03
2.297287287287287150e+00,1.443253062980180343e-03
2.299789789789789651e+00,1.436864376446719870e-03
2.302292292292292153e+00,1.430516761238389330e-03
2.304794794794794655e+00,1.424209821543098373e-03
2.307297297297297156e+00,1.417943161548756645e-03
2.309799799799799658e+00,1.411716432009402569e-03
2.312302302302302159e+00,1.405529237112945144e-03
2.314804804804804661e+00,1.399381250896487502e-03
2.317307307307307163e+00,1.393272030981809653e-03
2.319809809809809664e+00,1.387201274689079441e-03
2.322312312312312166e+00,1.381168632772333989e-03
2.324814814814814667e+00,1.375173709419483595e-03
2.327317317317317169e+00,1.369216225233758216e-03
2.329819819819819671e+00,1.363295761120003440e-03
2.332322322322322172e+00,1.357412014398385811e-03
2.334824824824824674e+00,1.351564659106007163e-03
2.337327327327327176e+00,1.345753369279970415e-03
2.339829829829829677e+00,1.339977772391248191e-03
2.342332332332332179e+00,1.334237612326136030e-03
2.344834834834834680e+00,1.328532516555607640e-03
2.347337337337337182e+00,1.322862205682892979e-03
2.349839839839839684e+00,1.317226307178966625e-03
2.352342342342342185e+00,1.311624588213186442e-03
2.354844844844844687e+00,1.306056722822655346e-03
2.357347347347347188e+00,1.300522385044474956e-03
2.359849849849849690e+00,1.295021295481875662e-03
2.362352352352352192e+00,1.289553174738088288e-03
2.364854854854854693e+00,1.284117696850214669e-03
2.367357357357357195e+00,1.278714582421485628e-03
2.369859859859859696e+00,1.273343552055130907e-03
2.372362362362362198e+00,1.268004372920509453e-03
2.374864864864864700e+00,1.262696695771659688e-03
2.377367367367367201e+00,1.257420287777939912e-03
2.379869869869869703e+00,1.252174869542580296e-03
2.382372372372372205e+00,1.246960161668812100e-03
2.384874874874874706e+00,1.241775908042928476e-03
2.387377377377377208e+00,1.236621875834289022e-03
2.389879879879879709e+00,1.231497762363060501e-03
2.392382382382382211e+00,1.226403334798600343e-03
2.394884884884884713e+00,1.221338337027204086e-03
2.397387387387387214e+00,1.216302512935165748e-03
2.399889889889889716e+00,1.211295629691844494e-03
2.402392392392392217e+00,1.206317431183534343e-03
2.404894894894894719e+00,1.201367684579594461e-03
2.407397397397397221e+00,1.196446157049382278e-03
2.409899899899899722e+00,1.191552592479194848e-03
2.412402402402402224e+00,1.186686781321452146e-03
2.414904904904904726e+00,1.181848467462450359e-03
2.417407407407407227e+00,1.177037441354611847e-03
2.419909909909909729e+00,1.172253493450359837e-03
2.422412412412412230e+00,1.167496367635988564e-03
2.424914914914914732e+00,1.162765854363920388e-03
2.427417417417417234e+00,1.158061744086578753e-03
2.429919919919919735e+00,1.153383850539450297e-03
2.432422422422422237e+00,1.148731894325766062e-03
2.434924924924924738e+00,1.144105735747139941e-03
2.437427427427427240e+00,1.139505095406803193e-03
2.439929929929929742e+00,1.134929833606370796e-03
2.442432432432432243e+00,1.130379694232138072e-03
2.444934934934934745e+00,1.125854514302654851e-03
2.447437437437437247e+00,1.121354084270345013e-03
2.449939939939939748e+00,1.116878194587630482e-03
2.452442442442442250e+00,1.112426658989998547e-03
2.454944944944944751e+00,1.107999314496000342e-03
2.457447447447447253e+00,1.103595928274995466e-03
2.459949949949949755e+00,1.099216337345532883e-03
2.462452452452452256e+00,1.094860332160037340e-03
2.464954954954954758e+00,1.090527773020122729e-03
2.467457457457457259e+00,1.086218450378212928e-03
2.469959959959959761e+00,1.081932177969793709e-03
2.472462462462462263e+00,1.077668769530353010e-03
2.474964964964964764e+00,1.073428062078441965e-03
2.477467467467467266e+00,1.069209892632610841e-03
2.479969969969969767e+00,1.065014098211411204e-03
2.482472472472472269e+00,1.060840469267265848e-03
2.484974974974974771e+00,1.056688889384853162e-03
2.487477477477477272e+00,1.052559149016597893e-03
2.489979979979979774e+00,1.048451085181049654e-03
2.492482482482482276e+00,1.044364558179824076e-03
2.494984984984984777e+00,1.040299405031472075e-03
2.497487487487487279e+00,1.036255439471480723e-03
2.499989989989989780e+00,1.032232521801465215e-03
2.502492492492492282e+00,1.028230512323040965e-03
2.504994994994994784e+00,1.024249224771694826e-03
2.507497497497497285e+00,1.020288542732105189e-03
2.509999999999999787e+00,1.016348279939760426e-03
