# q/kF, Re omega_p(q)/ omega_p(0), Im omega_p(q)/ omega_p(0)
1.000000000000000021e-02,9.999773735541348518e-01,-4.313926848160398697e-06
1.398797595190380896e-02,9.999762641007678976e-01,-8.473430978154832945e-06
1.797595190380761598e-02,9.999468877947514933e-01,-1.406163618963797765e-05
2.196392785571142647e-02,9.999283773461603575e-01,-2.112077852307931743e-05
2.595190380761523002e-02,9.998966794046250106e-01,-2.969803357064802732e-05
2.993987975951904051e-02,9.998626409816092631e-01,-3.985348514729612876e-05
3.392785571142285100e-02,9.998237091939511378e-01,-5.165125496539198360e-05
3.791583166332665455e-02,9.997805544016564738e-01,-6.516598243288370589e-05
4.190380761523046504e-02,9.997326538654603967e-01,-8.047815191144277319e-05
4.589178356713427553e-02,9.996806189002633847e-01,-9.767455198621693448e-05
4.987975951903807909e-02,9.996239961252639805e-01,-1.168466343592159258e-04
5.386773547094188958e-02,9.995633028669236309e-01,-1.380902719543245665e-04
5.785571142284570006e-02,9.994984917284936987e-01,-1.615039987371884528e-04
6.184368737474950362e-02,9.994297519084942572e-01,-1.871880928251488778e-04
6.583166332665331411e-02,9.993571471506141890e-01,-2.152431286086041527e-04
6.981963927855711072e-02,9.992809473502676232e-01,-2.457688288711663599e-04
7.380761523046092121e-02,9.992012945261015133e-01,-2.788623834303299680e-04
7.779559118236473170e-02,9.991183756410740857e-01,-3.146170534161963251e-04
8.178356713426854219e-02,9.990323801061988807e-01,-3.531206310896651255e-04
8.577154308617233880e-02,9.989435319403121571e-01,-3.944539208053205685e-04
8.975951903807614929e-02,9.988520515528626076e-01,-4.386891598637067185e-04
9.374749498997995978e-02,9.987581688580379202e-01,-4.858884662175778023e-04
9.773547094188377027e-02,9.986621258142158730e-01,-5.361023806560085564e-04
1.017234468937875808e-01,9.985641742160318302e-01,-5.893684351648217652e-04
1.057114228456913912e-01,9.984645705026237161e-01,-6.457098070502577392e-04
1.096993987975951879e-01,9.983635790926591591e-01,-7.051341218060174767e-04
1.136873747494989983e-01,9.982614649791218264e-01,-7.676323536750264114e-04
1.176753507014028088e-01,9.981584966407559545e-01,-8.331779440588900311e-04
1.216633266533066193e-01,9.980549459359860931e-01,-9.017260831814630662e-04
1.256513026052104298e-01,9.979510771829592786e-01,-9.732131693295753257e-04
1.296392785571142403e-01,9.978471546986029672e-01,-1.047556566383124914e-03
1.336272545090180508e-01,9.977434362685682068e-01,-1.124654546390166073e-03
1.376152304609218613e-01,9.976401712187612514e-01,-1.204386496502337289e-03
1.416032064128256718e-01,9.975375959570015327e-01,-1.286613363396289659e-03
1.455911823647294823e-01,9.974359377495078949e-01,-1.371178399729566745e-03
1.495791583166332928e-01,9.973354066714633648e-01,-1.457908091359257346e-03
1.535671342685371032e-01,9.972361973321426376e-01,-1.546613361486553649e-03
1.575551102204409137e-01,9.971384855868079544e-01,-1.637090975775855198e-03
1.615430861723446965e-01,9.970424285654649887e-01,-1.729125151265131690e-03
1.655310621242485070e-01,9.969481612084580835e-01,-1.822489314745236438e-03
1.695190380761523175e-01,9.968557973217099244e-01,-1.916948024678203407e-03
1.735070140280561279e-01,9.967654280609928863e-01,-2.012258982524069324e-03
1.774949899799599384e-01,9.966771207703113422e-01,-2.108175112190634280e-03
1.814829659318637489e-01,9.965909204628913276e-01,-2.204446695057636109e-03
1.854709418837675594e-01,9.965068483643360064e-01,-2.300823475722583739e-03
1.894589178356713699e-01,9.964249036897795397e-01,-2.397056761643509386e-03
1.934468937875751804e-01,9.963450636184622011e-01,-2.492901429802650559e-03
1.974348697394789909e-01,9.962672839329769214e-01,-2.588117840842585251e-03
2.014228456913828014e-01,9.961915011270189302e-01,-2.682473639618412811e-03
2.054108216432865841e-01,9.961176329846176403e-01,-2.775745384738265154e-03
2.093987975951903946e-01,9.960455804812531344e-01,-2.867720026894352015e-03
2.133867735470942051e-01,9.959752292097187043e-01,-2.958196190291124614e-03
2.173747494989980156e-01,9.959064511284947407e-01,-3.046985270155011527e-03
2.213627254509018261e-01,9.958391064017512173e-01,-3.133912325014775926e-03
2.253507014028056366e-01,9.957730453357769296e-01,-3.218816776565155708e-03
2.293386773547094470e-01,9.957081097905381428e-01,-3.301552900411429577e-03
2.333266533066132575e-01,9.956441352408839096e-01,-3.381990138585464368e-03
2.373146292585170680e-01,9.955809523698597729e-01,-3.460013224244504974e-03
2.413026052104208785e-01,9.955183886897998047e-01,-3.535522140558835114e-03
2.452905811623246612e-01,9.954562700908395900e-01,-3.608431924535613049e-03
2.492785571142284717e-01,9.953944222974659972e-01,-3.678672333814768814e-03
2.532665330661322822e-01,9.953326721787157938e-01,-3.746187389840218481e-03
2.572545090180360927e-01,9.952708486266065302e-01,-3.810934814539443036e-03
2.612424849699399032e-01,9.952087838861288782e-01,-3.872885386198567439e-03
2.652304609218437137e-01,9.951463145850262260e-01,-3.932022224121334633e-03
2.692184368737475242e-01,9.950832820603778828e-01,-3.988340010314077658e-03
2.732064128256513347e-01,9.950195334981297712e-01,-4.041844186948346726e-03
2.771943887775551452e-01,9.949549220725122378e-01,-4.092550115140734107e-03
2.811823647294589557e-01,9.948893076385609824e-01,-4.140482234091255077e-03
2.851703406813627661e-01,9.948225569068089857e-01,-4.185673212033863555e-03
2.891583166332665766e-01,9.947545437210546515e-01,-4.228163111518070012e-03
2.931462925851703871e-01,9.946851491622393793e-01,-4.267998571024266344e-03
2.971342685370741976e-01,9.946142616054134411e-01,-4.305232013877607379e-03
3.011222444889780081e-01,9.945417767370010598e-01,-4.339920888922836964e-03
3.051102204408818186e-01,9.944675974261788509e-01,-4.372126946412423741e-03
3.090981963927855736e-01,9.943916336650131527e-01,-4.401915555917642817e-03
3.130861723446893841e-01,9.943138023211912646e-01,-4.429355064437198904e-03
3.170741482965931946e-01,9.942340269785321372e-01,-4.454516200819443918e-03
3.210621242484970050e-01,9.941522376828579866e-01,-4.477471523276271501e-03
3.250501002004008155e-01,9.940683707235207223e-01,-4.498294913739671504e-03
3.290380761523046260e-01,9.939823682921644643e-01,-4.517061114051663245e-03
3.330260521042084365e-01,9.938941782260846125e-01,-4.533845307268169998e-03
3.370140280561122470e-01,9.938037537344328598e-01,-4.548722741090596711e-03
3.410020040080160575e-01,9.937110530601293013e-01,-4.561768389598590268e-03
3.449899799599198680e-01,9.936160391995567664e-01,-4.573056654990376863e-03
3.489779559118236785e-01,9.935186796142643217e-01,-4.582661104693125723e-03
3.529659318637274890e-01,9.934189459294739954e-01,-4.590654241755755607e-03
3.569539078156312994e-01,9.933168136327584774e-01,-4.597107307119124853e-03
3.609418837675351099e-01,9.932122618332897002e-01,-4.602090111363307985e-03
3.649298597194389204e-01,9.931052729710166949e-01,-4.605670892428088969e-03
3.689178356713427309e-01,9.929958325702534783e-01,-4.607916198465156730e-03
3.729058116232465414e-01,9.928839289898597764e-01,-4.608890792623139901e-03
3.768937875751503519e-01,9.927695531967687392e-01,-4.608657578450760760e-03
3.808817635270541624e-01,9.926526985456717300e-01,-4.607277543142737283e-03
3.848697394789579729e-01,9.925333605824637750e-01,-4.604809717445909611e-03
3.888577154308617834e-01,9.924115368136195992e-01,-4.601311149476821835e-03
3.928456913827655939e-01,9.922872265713374995e-01,-4.596836892429748134e-03
3.968336673346693488e-01,9.921604308056598542e-01,-4.591440002540451808e-03
4.008216432865731593e-01,9.920311519416175061e-01,-4.585171547608401198e-03
4.048096192384769698e-01,9.918993937283109297e-01,-4.578080624063693080e-03
4.087975951903807803e-01,9.917651611020794622e-01,-4.570214381185880130e-03
4.127855711422845908e-01,9.916284600483586953e-01,-4.561618051743306611e-03
4.167735470941884013e-01,9.914892974985901608e-01,-4.552334988079762002e-03
4.207615230460922118e-01,9.913476812149583095e-01,-4.542406702603883628e-03
4.247494989979960223e-01,9.912036196839353330e-01,-4.531872911705647766e-03
4.287374749498998328e-01,9.910571220409112314e-01,-4.520771583035597049e-03
4.327254509018036432e-01,9.909081979641488624e-01,-4.509138984436882047e-03
4.367134268537074537e-01,9.907568576172557373e-01,-4.497009735342742155e-03
4.407014028056112642e-01,9.906031115711717572e-01,-4.484416858800636257e-03
4.446893787575150747e-01,9.904469707293015457e-01,-4.471391834445810100e-03
4.486773547094188852e-01,9.902884462983163605e-01,-4.457964652279579332e-03
4.526653306613226957e-01,9.901275497012476112e-01,-4.444163865730154338e-03
4.566533066132265062e-01,9.899642925566706220e-01,-4.430016645340277906e-03
4.606412825651303167e-01,9.897986866168184683e-01,-4.415548831210901366e-03
4.646292585170341272e-01,9.896307437422715569e-01,-4.400784985467864896e-03
4.686172344689379377e-01,9.894604758621684537e-01,-4.385748443440529165e-03
4.726052104208417481e-01,9.892878949450890635e-01,-4.370461363943901022e-03
4.765931863727455586e-01,9.891130129682940142e-01,-4.354944778447869883e-03
4.805811623246493136e-01,9.889358418887137514e-01,-4.339218639001234459e-03
4.845691382765531241e-01,9.887563936378691576e-01,-4.323301865080145419e-03
4.885571142284569346e-01,9.885746800885060193e-01,-4.307212388716936610e-03
4.925450901803607451e-01,9.883907130366433869e-01,-4.290967198405669196e-03
4.965330661322645556e-01,9.882045042032319149e-01,-4.274582381811446903e-03
5.005210420841683661e-01,9.880160651981879649e-01,-4.258073166463849889e-03
5.045090180360721765e-01,9.878254075307640880e-01,-4.241453959663818093e-03
5.084969939879759870e-01,9.876325425932180879e-01,-4.224738386526008700e-03
5.124849699398797975e-01,9.874374816422027967e-01,-4.207939326475619059e-03
5.164729458917836080e-01,9.872402358105748510e-01,-4.191068948833020016e-03
5.204609218436874185e-01,9.870408160930885799e-01,-4.174138746504478872e-03
5.244488977955912290e-01,9.868392333398531280e-01,-4.157159568469522004e-03
5.284368737474950395e-01,9.866354982621357017e-01,-4.140141651016050056e-03
5.324248496993988500e-01,9.864296214226869752e-01,-4.123094647482174538e-03
5.364128256513026605e-01,9.862216132353321951e-01,-4.106027656794459905e-03
5.404008016032064710e-01,9.860114839725676594e-01,-4.088949250886647103e-03
5.443887775551102814e-01,9.857992437524261131e-01,-4.071867500606505749e-03
5.483767535070140919e-01,9.855849025523473195e-01,-4.054790000824219989e-03
5.523647294589179024e-01,9.853684702020554242e-01,-4.037723894123179148e-03
5.563527054108217129e-01,9.851499563884463795e-01,-4.020675893532477639e-03
5.603406813627255234e-01,9.849293706584569819e-01,-4.003652304220425666e-03
5.643286573146293339e-01,9.847067224178835954e-01,-3.986659044082285601e-03
5.683166332665331444e-01,9.844820209398996713e-01,-3.969701663517004320e-03
5.723046092184369549e-01,9.842552753644726593e-01,-3.952785364119362592e-03
5.762925851703407654e-01,9.840264947011355678e-01,-3.935915016548675524e-03
5.802805611222445759e-01,9.837956878367055680e-01,-3.919095177567667211e-03
5.842685370741483863e-01,9.835628635333458769e-01,-3.902330106175520927e-03
5.882565130260521968e-01,9.833280304388509752e-01,-3.885623779087769500e-03
5.922444889779560073e-01,9.830911970856524018e-01,-3.868979905323351263e-03
5.962324649298598178e-01,9.828523718967282496e-01,-3.852401940173809120e-03
6.002204408817636283e-01,9.826115631913341364e-01,-3.835893098465271902e-03
6.042084168336674388e-01,9.823687791880227893e-01,-3.819456367149760400e-03
6.081963927855711383e-01,9.821240280085858920e-01,-3.803094517276531424e-03
6.121843687374749488e-01,9.818773176844813877e-01,-3.786810115393832773e-03
6.161723446893787592e-01,9.816286561592582061e-01,-3.770605534358099226e-03
6.201603206412825697e-01,9.813780512945426970e-01,-3.754482963610713316e-03
6.241482965931863802e-01,9.811255108736437469e-01,-3.738444418941818358e-03
6.281362725450901907e-01,9.808710426068173449e-01,-3.722491751765050032e-03
6.321242484969940012e-01,9.806146541372693370e-01,-3.706626657944701950e-03
6.361122244488978117e-01,9.803563530410314142e-01,-3.690850686115096889e-03
6.401002004008016222e-01,9.800961468375126717e-01,-3.675165245669085971e-03
6.440881763527054327e-01,9.798340429904455195e-01,-3.659571614278255350e-03
6.480761523046092432e-01,9.795700489122571852e-01,-3.644070945035860452e-03
6.520641282565130536e-01,9.793041719713521109e-01,-3.628664273286376363e-03
6.560521042084168641e-01,9.790364194923280028e-01,-3.613352523027165645e-03
6.600400801603206746e-01,9.787667987654803392e-01,-3.598136513083188825e-03
6.640280561122244851e-01,9.784953170471083483e-01,-3.583016962875305595e-03
6.680160320641282956e-01,9.782219815659359829e-01,-3.567994497938017755e-03
6.720040080160321061e-01,9.779467995260582303e-01,-3.553069655161148269e-03
6.759919839679359166e-01,9.776697781137070331e-01,-3.538242887743079171e-03
6.799799599198397271e-01,9.773909244991151324e-01,-3.523514569906452919e-03
6.839679358717435376e-01,9.771102458414537839e-01,-3.508885001348415952e-03
6.879559118236473481e-01,9.768277492929907657e-01,-3.494354411475911800e-03
6.919438877755511585e-01,9.765434420048211273e-01,-3.479922963455223898e-03
6.959318637274549690e-01,9.762573311275413168e-01,-3.465590757971321288e-03
6.999198396793587795e-01,9.759694238192142546e-01,-3.451357836887181466e-03
7.039078156312625900e-01,9.756797272470711935e-01,-3.437224186645449538e-03
7.078957915831664005e-01,9.753882485913187850e-01,-3.423189741517714945e-03
7.118837675350702110e-01,9.750949950508696062e-01,-3.409254386694153278e-03
7.158717434869740215e-01,9.747999738457447938e-01,-3.395417961204037337e-03
7.198597194388778320e-01,9.745031922220072085e-01,-3.381680260676578603e-03
7.238476953907816425e-01,9.742046574545933924e-01,-3.368041039967272117e-03
7.278356713426854530e-01,9.739043768521167266e-01,-3.354500015651416638e-03
7.318236472945892634e-01,9.736023577602749279e-01,-3.341056868375677589e-03
7.358116232464930739e-01,9.732986075655819524e-01,-3.327711245090340508e-03
7.397995991983968844e-01,9.729931336989878776e-01,-3.314462761167706346e-03
7.437875751503006949e-01,9.726859436400178138e-01,-3.301311002407735385e-03
7.477755511022045054e-01,9.723770449208000155e-01,-3.288255526945425139e-03
7.517635270541083159e-01,9.720664451285421226e-01,-3.275295867031367391e-03
7.557515030060121264e-01,9.717541519100934000e-01,-3.262431530747971278e-03
7.597394789579159369e-01,9.714401729757935477e-01,-3.249662003625146574e-03
7.637274549098197474e-01,9.711245161020504169e-01,-3.236986750154596283e-03
7.677154308617235579e-01,9.708071891363458938e-01,-3.224405215249534409e-03
7.717034068136273683e-01,9.704881999994184882e-01,-3.211916825604158813e-03
7.756913827655311788e-01,9.701675566899267134e-01,-3.199520990989356082e-03
7.796793587174348783e-01,9.698452672875407243e-01,-3.187217105482217146e-03
7.836673346693386888e-01,9.695213399565144607e-01,-3.175004548618734143e-03
7.876553106212424993e-01,9.691957829489092902e-01,-3.162882686488182812e-03
7.916432865731463098e-01,9.688686046088866854e-01,-3.150850872775186936e-03
7.956312625250501203e-01,9.685398133757519012e-01,-3.138908449735082658e-03
7.996192384769539307e-01,9.682094177877255126e-01,-3.127054749120492406e-03
8.036072144288577412e-01,9.678774264847365139e-01,-3.115289093048876148e-03
8.075951903807615517e-01,9.675438482124861794e-01,-3.103610794829732115e-03
8.115831663326653622e-01,9.672086918263023136e-01,-3.092019159751790459e-03
8.155711422845691727e-01,9.668719662942256710e-01,-3.080513485810679013e-03
8.195591182364729832e-01,9.665336807001057018e-01,-3.069093064397466260e-03
8.235470941883767937e-01,9.661938442478907874e-01,-3.057757180962854000e-03
8.275350701402806042e-01,9.658524662644338843e-01,-3.046505115624684439e-03
8.315230460921844147e-01,9.655095562035805878e-01,-3.035336143753060694e-03
8.355110220440882252e-01,9.651651236497374997e-01,-3.024249536519988714e-03
8.394989979959920356e-01,9.648191783199744354e-01,-3.013244561398766008e-03
8.434869739478958461e-01,9.644717300697501772e-01,-3.002320482668187698e-03
8.474749498997996566e-01,9.641227888949416291e-01,-2.991476561853402202e-03
8.514629258517034671e-01,9.637723649356336741e-01,-2.980712058156319549e-03
8.554509018036072776e-01,9.634204684798263196e-01,-2.970026228856628269e-03
8.594388777555110881e-01,9.630671099672453161e-01,-2.959418329690453008e-03
8.634268537074148986e-01,9.627122999924191404e-01,-2.948887615199046516e-03
8.674148296593187091e-01,9.623560493085692169e-01,-2.938433339060754577e-03
8.714028056112225196e-01,9.619983688310166370e-01,-2.928054754397945835e-03
8.753907815631263301e-01,9.616392696409934437e-01,-2.917751114068545953e-03
8.793787575150301405e-01,9.612787629892322050e-01,-2.907521670932083045e-03
8.833667334669339510e-01,9.609168602997145703e-01,-2.897365678103615630e-03
8.873547094188377615e-01,9.605535731728295223e-01,-2.887282389182473270e-03
8.913426853707415720e-01,9.601889133897819617e-01,-2.877271058476345116e-03
8.953306613226453825e-01,9.598228929156094047e-01,-2.867330941193972117e-03
8.993186372745491930e-01,9.594555239037082517e-01,-2.857461293642822673e-03
9.033066132264530035e-01,9.590868186987907551e-01,-2.847661373390834340e-03
9.072945891783568140e-01,9.587167898410533518e-01,-2.837930439432510138e-03
9.112825651302606245e-01,9.583454500700226975e-01,-2.828267752332529368e-03
9.152705410821644350e-01,9.579728123281660013e-01,-2.818672574359414994e-03
9.192585170340682454e-01,9.575988897647973452e-01,-2.809144169611746920e-03
9.232464929859720559e-01,9.572236957404474111e-01,-2.799681804128652165e-03
9.272344689378758664e-01,9.568476977774050818e-01,-2.790297187420929213e-03
9.312224448897796769e-01,9.564700046176348724e-01,-2.780964677553197928e-03
9.352104208416834874e-01,9.560910813725828072e-01,-2.771696017543926957e-03
9.391983967935872979e-01,9.557109422847774871e-01,-2.762490482118416194e-03
9.431863727454911084e-01,9.553296018269155088e-01,-2.753347348357299777e-03
9.471743486973948079e-01,9.549470747062617226e-01,-2.744265895751852972e-03
9.511623246492986183e-01,9.545633758688578663e-01,-2.735245406256529149e-03
9.551503006012024288e-01,9.541785205035480111e-01,-2.726285164329829425e-03
9.591382765531062393e-01,9.537925240461111454e-01,-2.717384456969868401e-03
9.631262525050100498e-01,9.534054021834404979e-01,-2.708542573743506678e-03
9.671142284569138603e-01,9.530171708579353584e-01,-2.699758806811531665e-03
9.711022044088176708e-01,9.526278462715297435e-01,-2.691032450943230559e-03
9.750901803607214813e-01,9.522374448901275157e-01,-2.682362803530179227e-03
9.790781563126252918e-01,9.518459834478362191e-01,-2.673749164591060837e-03
9.830661322645291023e-01,9.514534789514497160e-01,-2.665190836774719400e-03
9.870541082164329127e-01,9.510599486847852724e-01,-2.656687125356373743e-03
9.910420841683367232e-01,9.506654102131220085e-01,-2.648237338229672902e-03
9.950300601202405337e-01,9.502698813876484518e-01,-2.639840785894155811e-03
9.990180360721443442e-01,9.498733803501981932e-01,-2.631496781441625046e-03
1.003006012024048044e+00,9.494759255375335716e-01,-2.623204640533434093e-03
1.006993987975951965e+00,9.490775356861511636e-01,-2.614963681378677535e-03
1.010981963927855887e+00,9.486782298369510480e-01,-2.606773224707620296e-03
1.014969939879759586e+00,9.482780273397320991e-01,-2.598632593739672904e-03
1.018957915831663508e+00,9.478769478581837715e-01,-2.590541114152175584e-03
1.022945891783567207e+00,9.474750113745403768e-01,-2.582498114042892663e-03
1.026933867735471129e+00,9.470722381944639556e-01,-2.574502923891551151e-03
1.030921843687374828e+00,9.466686489518518766e-01,-2.566554876517460147e-03
1.034909819639278528e+00,9.462642646139294289e-01,-2.558653307036476681e-03
1.038897795591182449e+00,9.458591064860415454e-01,-2.550797552813314269e-03
1.042885771543086149e+00,9.454531962167644910e-01,-2.542986953412685724e-03
1.046873747494990070e+00,9.450465558031189151e-01,-2.535220850550014456e-03
1.050861723446893770e+00,9.446392075954267442e-01,-2.527498588035538649e-03
1.054849699398797691e+00,9.442311743026693405e-01,-2.519819511721174080e-03
1.058837675350701391e+00,9.438224789977738283e-01,-2.512182969444155551e-03
1.062825651302605312e+00,9.434131451227066867e-01,-2.504588310966080443e-03
1.066813627254509012e+00,9.430031964939969980e-01,-2.497034887915171916e-03
1.070801603206412933e+00,9.425926573080170012e-01,-2.489522053722472306e-03
1.074789579158316633e+00,9.421815521464764753e-01,-2.482049163559622504e-03
1.078777555110220554e+00,9.417699059819277796e-01,-2.474615574273464607e-03
1.082765531062124253e+00,9.413577441833665960e-01,-2.467220644320426010e-03
1.086753507014028175e+00,9.409450925217339723e-01,-2.459863733697821749e-03
1.090741482965931874e+00,9.405319771757487679e-01,-2.452544203876362051e-03
1.094729458917835796e+00,9.401184247375569125e-01,-2.445261417729675292e-03
1.098717434869739495e+00,9.397044622185393159e-01,-2.438014739462937130e-03
1.102705410821643417e+00,9.392901170551928303e-01,-2.430803534541167016e-03
1.106693386773547116e+00,9.388754171150599515e-01,-2.423627169615719720e-03
1.110681362725451038e+00,9.384603907027114778e-01,-2.416485012450352715e-03
1.114669338677354737e+00,9.380450665658071063e-01,-2.409376431845573156e-03
1.118657314629258659e+00,9.376294739011824531e-01,-2.402300797562820049e-03
1.122645290581162358e+00,9.372136423611133749e-01,-2.395257480247828946e-03
1.126633266533066280e+00,9.367976020594371844e-01,-2.388245851351761869e-03
1.130621242484969979e+00,9.363813835780809836e-01,-2.381265283054090180e-03
1.134609218436873901e+00,9.359650179731907604e-01,-2.374315148181053471e-03
1.138597194388777600e+00,9.355485367818562326e-01,-2.367394820127554072e-03
1.142585170340681522e+00,9.351319720284916315e-01,-2.360503672774761155e-03
1.146573146292585221e+00,9.347153562314791664e-01,-2.353641080408746568e-03
1.150561122244489143e+00,9.342987224098935339e-01,-2.346806417638127532e-03
1.154549098196392842e+00,9.338821040902437476e-01,-2.339999059311034108e-03
1.158537074148296764e+00,9.334655353132723654e-01,-2.333218380430674994e-03
1.162525050100200463e+00,9.330490506409656604e-01,-2.326463756071644063e-03
1.166513026052104385e+00,9.326326851634968440e-01,-2.319734561294264918e-03
1.170501002004008084e+00,9.322164745063057367e-01,-2.313030171058523890e-03
1.174488977955912006e+00,9.318004548373078899e-01,-2.306349960138318316e-03
1.178476953907815705e+00,9.313846628741260236e-01,-2.299693303033739818e-03
1.182464929859719627e+00,9.309691358914370385e-01,-2.293059573883488543e-03
1.186452905811623326e+00,9.305539117284087336e-01,-2.286448146376467757e-03
1.190440881763527248e+00,9.301390287961743830e-01,-2.279858393662525812e-03
1.194428857715430947e+00,9.297245260855722115e-01,-2.273289688263484785e-03
1.198416833667334869e+00,9.293104431747012395e-01,-2.266741401981698430e-03
1.202404809619238568e+00,9.288968202368381721e-01,-2.260212905809994878e-03
1.206392785571142268e+00,9.284836980483169855e-01,-2.253703569839707668e-03
1.210380761523046189e+00,9.280711179965084323e-01,-2.247212763168198509e-03
1.214368737474949889e+00,9.276591220879528699e-01,-2.240739853806062581e-03
1.218356713426853810e+00,9.272477529565884558e-01,-2.234284208583401429e-03
1.222344689378757510e+00,9.268370538720432927e-01,-2.227845193055518185e-03
1.226332665330661431e+00,9.264270687481007682e-01,-2.221422171407844322e-03
1.230320641282565131e+00,9.260178421512392788e-01,-2.215014506359991222e-03
1.234308617234469052e+00,9.256094193092679889e-01,-2.208621559069214556e-03
1.238296593186372752e+00,9.252018461201573230e-01,-2.202242689033444105e-03
1.242284569138276673e+00,9.247951691608972125e-01,-2.195877253992641314e-03
1.246272545090180373e+00,9.243894356965423054e-01,-2.189524609830218859e-03
1.250260521042084294e+00,9.239846936893705287e-01,-2.183184110473372110e-03
1.254248496993987994e+00,9.235809918081587799e-01,-2.176855107792299935e-03
1.258236472945891915e+00,9.231783794376013930e-01,-2.170536951498859557e-03
1.262224448897795614e+00,9.227769066878614979e-01,-2.164228989044060438e-03
1.266212424849699536e+00,9.223766244042760354e-01,-2.157930565515032983e-03
1.270200400801603235e+00,9.219775841771887803e-01,-2.151641023530484562e-03
1.274188376753507157e+00,9.215798383519238079e-01,-2.145359703135453835e-03
1.278176352705410856e+00,9.211834400389555810e-01,-2.139085941695245425e-03
1.282164328657314778e+00,9.207884431241694090e-01,-2.132819073787653279e-03
1.286152304609218477e+00,9.203949022793409540e-01,-2.126558431094925129e-03
1.290140280561122399e+00,9.200028729727344201e-01,-2.120303342293598878e-03
1.294128256513026098e+00,9.196124114798995830e-01,-2.114053132943981197e-03
1.298116232464930020e+00,9.192235748946442353e-01,-2.107807125378031478e-03
1.302104208416833719e+00,9.188364211401470749e-01,-2.101564638585833294e-03
1.306092184368737641e+00,9.184510089802958577e-01,-2.095324988100905322e-03
1.310080160320641340e+00,9.180673980312139548e-01,-2.089087485884241150e-03
1.314068136272545262e+00,9.176856487729243561e-01,-2.082851440206355022e-03
1.318056112224448961e+00,9.173058225613072159e-01,-2.076616155528632386e-03
1.322044088176352883e+00,9.169279816401678662e-01,-2.070380932382357222e-03
1.326032064128256582e+00,9.165521891535719501e-01,-2.064145067246482990e-03
1.330020040080160504e+00,9.161785091584031537e-01,-2.057907852423680566e-03
1.334008016032064203e+00,9.158070066370929130e-01,-2.051668575914503568e-03
1.337995991983968125e+00,9.154377475106630913e-01,-2.045426521289863634e-03
1.341983967935871824e+00,9.150707986519164283e-01,-2.039180967561309097e-03
1.345971943887775746e+00,9.147062278989475104e-01,-2.032931189049645270e-03
1.349959919839679445e+00,9.143441040688563559e-01,-2.026676455251011193e-03
1.353947895791583367e+00,9.139844969717658696e-01,-2.020416030701446299e-03
1.357935871743487066e+00,9.136274774250550124e-01,-2.014149174838252617e-03
1.361923847695390988e+00,9.132731172679312559e-01,-2.007875141859838224e-03
1.365911823647294687e+00,9.129214893762462868e-01,-2.001593180582642018e-03
1.369899799599198609e+00,9.125726676776187984e-01,-1.995302534295400471e-03
1.373887775551102308e+00,9.122267271668792477e-01,-1.989002440610931552e-03
1.377875751503006008e+00,9.118837439218082652e-01,-1.982692131315049421e-03
1.381863727454909929e+00,9.115437951192036925e-01,-1.976370832212199623e-03
1.385851703406813629e+00,9.112069590513109940e-01,-1.970037762968450141e-03
1.389839679358717550e+00,9.108733151425613128e-01,-1.963692136950898059e-03
1.393827655310621250e+00,9.105429439667075409e-01,-1.957333161063805858e-03
1.397815631262525171e+00,9.102159272643062238e-01,-1.950960035581158743e-03
1.401803607214428871e+00,9.098923479606007003e-01,-1.944571953975542415e-03
1.405791583166332792e+00,9.095722901837922647e-01,-1.938168102742992161e-03
1.409779559118236492e+00,9.092558392837344350e-01,-1.931747661223926025e-03
1.413767535070140413e+00,9.089430818510380039e-01,-1.925309801419593497e-03
1.417755511022044113e+00,9.086341057366432716e-01,-1.918853687804321405e-03
1.421743486973948034e+00,9.083290000718140522e-01,-1.912378477132564312e-03
1.425731462925851734e+00,9.080278552886434928e-01,-1.905883318241588823e-03
1.429719438877755655e+00,9.077307631410277411e-01,-1.899367351848510726e-03
1.433707414829659355e+00,9.074378167261510919e-01,-1.892829710342151155e-03
1.437695390781563276e+00,9.071491105065023763e-01,-1.886269517568904932e-03
1.441683366733466976e+00,9.068647403324504586e-01,-1.879685888612991863e-03
1.445671342685370897e+00,9.065848034653548604e-01,-1.873077929569822060e-03
1.449659318637274596e+00,9.063093986013088799e-01,-1.866444737313364532e-03
1.453647294589178518e+00,9.060386258954539196e-01,-1.859785399255876491e-03
1.457635270541082217e+00,9.057725869869472923e-01,-1.853098993100691597e-03
1.461623246492986139e+00,9.055113850246062634e-01,-1.846384586587260495e-03
1.465611222444889838e+00,9.052551246931827000e-01,-1.839641237227485418e-03
1.469599198396793760e+00,9.050039122404265335e-01,-1.832867992034376047e-03
1.473587174348697459e+00,9.047578555048122473e-01,-1.826063887240626403e-03
1.477575150300601381e+00,9.045170639440960336e-01,-1.819227948008435942e-03
1.481563126252505080e+00,9.042813113941008396e-01,-1.812351953322556119e-03
1.485551102204409002e+00,9.040513948850188441e-01,-1.805449494864469918e-03
1.489539078156312701e+00,9.038270813992425046e-01,-1.798512193624294056e-03
1.493527054108216623e+00,9.036084878690467947e-01,-1.791539046455039447e-03
1.497515030060120322e+00,9.033957323013980245e-01,-1.784529018669569339e-03
1.501503006012024244e+00,9.031889345127332991e-01,-1.777481062593203867e-03
1.505490981963927943e+00,9.029882161624120940e-01,-1.770394117148015034e-03
1.509478957915831865e+00,9.027937007886425169e-01,-1.763267107465010418e-03
1.513466933867735564e+00,9.026055138454900373e-01,-1.756098944480315345e-03
1.517454909819639486e+00,9.024237827410488411e-01,-1.748888524514951746e-03
1.521442885771543185e+00,9.022486368768429799e-01,-1.741634728837007174e-03
1.525430861723447107e+00,9.020802076884620879e-01,-1.734336423205015253e-03
1.529418837675350806e+00,9.019186286875247038e-01,-1.726992457391557031e-03
1.533406813627254728e+00,9.017640355050440260e-01,-1.719601664686175096e-03
1.537394789579158427e+00,9.016165659361862206e-01,-1.712162861375357906e-03
1.541382765531062349e+00,9.014763599865868171e-01,-1.704674846199320023e-03
1.545370741482966048e+00,9.013435599202259674e-01,-1.697136399783431100e-03
1.549358717434869748e+00,9.012183103089391745e-01,-1.689546284042447001e-03
1.553346693386773669e+00,9.011007580837162578e-01,-1.681903241556839852e-03
1.557334669338677369e+00,9.009910525877525833e-01,-1.674205994918021457e-03
1.561322645290581290e+00,9.008893456314446269e-01,-1.666453246041353989e-03
1.565310621242484990e+00,9.007957915493953749e-01,-1.658643675444780845e-03
1.569298597194388911e+00,9.007105472594940654e-01,-1.650775941490131458e-03
1.573286573146292611e+00,9.006337723242073823e-01,-1.642848679585083224e-03
1.577274549098196532e+00,9.005656290142277642e-01,-1.634860501343190619e-03
1.581262525050100232e+00,9.005062823745112466e-01,-1.626809993698385189e-03
1.585250501002004153e+00,9.004559002929288791e-01,-1.618695717971506539e-03
1.589238476953907853e+00,9.004146535715935595e-01,-1.610516208884973759e-03
1.593226452905811774e+00,9.003827160010789976e-01,-1.602269973522158853e-03
1.597214428857715474e+00,9.003602644375986452e-01,-1.593955490227043836e-03
1.601202404809619395e+00,9.003474788834071596e-01,-1.585571207440327314e-03
1.605190380761523095e+00,9.003445425705293159e-01,-1.577115542466762292e-03
1.609178356713427016e+00,9.003516420480328630e-01,-1.568586880168731587e-03
1.613166332665330716e+00,9.003689672730749161e-01,-1.559983571580567411e-03
1.617154308617234637e+00,9.003967117058789826e-01,-1.551303932437124011e-03
1.621142284569138337e+00,9.004350724089533742e-01,-1.542546241610398246e-03
1.625130260521042258e+00,9.004842501507389629e-01,-1.533708739446439573e-03
1.629118236472945958e+00,9.005444495139915961e-01,-1.524789625994777851e-03
1.633106212424849879e+00,9.006158790091910449e-01,-1.515787059121705789e-03
1.637094188376753578e+00,9.006987511932743606e-01,-1.506699152497593779e-03
1.641082164328657500e+00,9.007932827940562381e-01,-1.497523973447935494e-03
1.645070140280561199e+00,9.008996948406748917e-01,-1.488259540656371692e-03
1.649058116232465121e+00,9.010182128004998736e-01,-1.478903821707214152e-03
1.653046092184368820e+00,9.011490667228906348e-01,-1.469454730453188633e-03
1.657034068136272742e+00,9.012924913903042068e-01,-1.459910124193119140e-03
1.661022044088176441e+00,9.014487264772389485e-01,-1.450267800642381045e-03
1.665010020040080363e+00,9.016180167175786853e-01,-1.440525494677288723e-03
1.668997995991984062e+00,9.018006120809199944e-01,-1.430680874832296594e-03
1.672985971943887984e+00,9.019967679585553233e-01,-1.420731539526971007e-03
1.676973947895791683e+00,9.022067453598084930e-01,-1.410675012996674390e-03
1.680961923847695605e+00,9.024308111195082915e-01,-1.400508740898199524e-03
1.684949899799599304e+00,9.026692381174555857e-01,-1.390230085558247014e-03
1.688937875751503226e+00,9.029223055108164253e-01,-1.379836320828737011e-03
1.692925851703406925e+00,9.031902989804624360e-01,-1.369324626508644765e-03
1.696913827655310847e+00,9.034735109924092455e-01,-1.358692082287391197e-03
1.700901803607214546e+00,9.037722410755713032e-01,-1.347935661158679646e-03
1.704889779559118468e+00,9.040867961172298628e-01,-1.337052222247840172e-03
1.708877755511022167e+00,9.044174906777344702e-01,-1.326038502987938279e-03
1.712865731462925867e+00,9.047646473261083955e-01,-1.314891110571438830e-03
1.716853707414829788e+00,9.051285969984536051e-01,-1.303606512594702484e-03
1.720841683366733488e+00,9.055096793812243972e-01,-1.292181026800824249e-03
1.724829659318637409e+00,9.059082433217120478e-01,-1.280610809813567067e-03
1.728817635270541109e+00,9.063246472683176291e-01,-1.268891844739396778e-03
1.732805611222445030e+00,9.067592597435466528e-01,-1.257019927497136230e-03
1.736793587174348730e+00,9.072127367312031732e-01,-1.244936850395445341e-03
1.740781563126252651e+00,9.076849738973633563e-01,-1.232741045819800950e-03
1.744769539078156351e+00,9.081765980144199668e-01,-1.220377990954097562e-03
1.748757515030060272e+00,9.086880241448707096e-01,-1.207842519802281500e-03
1.752745490981963972e+00,9.092196805002070725e-01,-1.195129178916113548e-03
1.756733466933867893e+00,9.097720092080098242e-01,-1.182232200618903726e-03
1.760721442885771593e+00,9.103454671488958594e-01,-1.169145472903192423e-03
1.764709418837675514e+00,9.109405268710990544e-01,-1.155862505492778834e-03
1.768697394789579214e+00,9.115576775924271180e-01,-1.142376391457146714e-03
1.772685370741483135e+00,9.121974263009010597e-01,-1.128679763647649726e-03
1.776673346693386835e+00,9.128602989672262025e-01,-1.114764745079059507e-03
1.780661322645290756e+00,9.135468418844872041e-01,-1.100622892199569535e-03
1.784649298597194456e+00,9.142576231531438502e-01,-1.086245129767845997e-03
1.788637274549098377e+00,9.149932343326804274e-01,-1.071621675774164957e-03
1.792625250501002077e+00,9.157542922852436318e-01,-1.056741954487587206e-03
1.796613226452905998e+00,9.165414412415310297e-01,-1.041594495259757754e-03
1.800601202404809698e+00,9.173553551252605631e-01,-1.026166814137397052e-03
1.804589178356713619e+00,9.181967401801285344e-01,-1.010445274588458531e-03
1.808577154308617319e+00,9.190663379527154175e-01,-9.944149226727104756e-04
1.812565130260521240e+00,9.199649286968307749e-01,-9.780592907048281381e-04
1.816553106212424940e+00,9.208933352802874950e-01,-9.613601617527080950e-04
1.820541082164328861e+00,9.218524276949821017e-01,-9.442972850187510885e-04
1.824529058116232560e+00,9.228431282972233696e-01,-9.268480290281495403e-04
1.828517034068136482e+00,9.238664179395880138e-01,-9.089869552378600313e-04
1.832505010020040181e+00,9.249233432015001588e-01,-8.906852886483052371e-04
1.836492985971944103e+00,9.260150249879511852e-01,-8.719102534241139884e-04
1.840480961923847802e+00,9.271426688513246805e-01,-8.526242291275933777e-04
1.844468937875751724e+00,9.283075775109514982e-01,-8.327836648866669082e-04
1.848456913827655423e+00,9.295111662153510146e-01,-8.123376612990235689e-04
1.852444889779559345e+00,9.307549818397914398e-01,-7.912260874714003656e-04
1.856432865731463044e+00,9.320407269800004002e-01,-7.693770335311923792e-04
1.860420841683366966e+00,9.333702908649431640e-01,-7.467032897502429330e-04
1.864408817635270665e+00,9.347457897948935335e-01,-7.230973597006620703e-04
1.868396793587174587e+00,9.361696212468831879e-01,-6.984241942953663693e-04
1.872384769539078286e+00,9.376443821173793269e-01,-6.725144853780047486e-04
1.876372745490982208e+00,9.391735476846856390e-01,-6.451314106952724548e-04
1.880360721442885907e+00,9.407608197804014916e-01,-6.159645144361606487e-04
1.884348697394789607e+00,9.424108713595256148e-01,-5.845652024951473839e-04
1.888336673346693528e+00,9.441296166202249873e-01,-5.502536454389142344e-04
1.892324649298597228e+00,9.459249048832027995e-01,-5.119124848428406810e-04
1.896312625250501149e+00,9.478078684665731668e-01,-4.674724918715309450e-04
1.900300601202404849e+00,9.497964520159678514e-01,-4.121866176933247530e-04
1.904288577154308770e+00,9.519242709717011808e-01,-3.297480670576713067e-04
1.908276553106212470e+00,9.542241474353092556e-01,-1.272141315302407517e-04
